component,explained_variance_ratio,cumulative_variance_ratio
1,0.10361840871292814,0.10361840871292814
2,0.026589170750482918,0.13020757946341105
3,0.022133412351975856,0.1523409918153869
4,0.01967565503335003,0.17201664684873694
5,0.018254327394876996,0.19027097424361394
6,0.014499244439758878,0.20477021868337283
7,0.013746358095736958,0.2185165767791098
8,0.013473644552057431,0.23199022133116723
9,0.013007990121739475,0.2449982114529067
10,0.012252617466908896,0.2572508289198156
11,0.011163077001834571,0.26841390592165015
12,0.011153393953603884,0.279567299875254
13,0.010567596069599394,0.2901348959448534
14,0.010180752994910145,0.3003156489397636
15,0.009283561425732495,0.3095992103654961
16,0.008548415211927963,0.31814762557742404
17,0.00822091124064149,0.32636853681806555
18,0.007832948848923778,0.3342014856669893
19,0.007471976211343674,0.341673461878333
20,0.007121585047466904,0.3487950469257999
21,0.0069167137040548774,0.35571176062985477
22,0.006766379119434208,0.362478139749289
23,0.006529103193867445,0.36900724294315645
24,0.0064041987060767394,0.3754114416492332
25,0.006100218815137301,0.38151166046437046
26,0.005931856843665099,0.38744351730803556
27,0.005808134467679016,0.3932516517757146
28,0.005752093383179299,0.39900374515889386
29,0.0056527123618349325,0.4046564575207288
30,0.0054607351063015175,0.41011719262703034
31,0.005355269320708534,0.41547246194773885
32,0.005182357021976571,0.4206548189697154
33,0.005110756695320118,0.42576557566503553
34,0.004931522311442235,0.43069709797647776
35,0.004815562665922546,0.4355126606424003
36,0.00480357335256444,0.4403162339949647
37,0.004648206792134525,0.44496444078709924
38,0.004564397784669537,0.4495288385717688
39,0.004487464915235761,0.45401630348700456
40,0.004387788021804372,0.45840409150880895
41,0.004371341150195983,0.46277543265900495
42,0.004301031686685776,0.4670764643456907
43,0.0042714576130744464,0.4713479219587652
44,0.004198053106619788,0.475545975065385
45,0.004132760233285287,0.4796787352986703
46,0.004107486936534594,0.4837862222352049
47,0.004025265079280404,0.4878114873144853
48,0.003972239359370032,0.49178372667385534
49,0.0039202335855613585,0.4957039602594167
50,0.0038715126352976367,0.4995754728947143
51,0.0037984453179880245,0.5033739182127024
52,0.003728057709339045,0.5071019759220414
53,0.0036528407315727257,0.5107548166536141
54,0.0036043952332341996,0.5143592118868483
55,0.003544700097471048,0.5179039119843194
56,0.003476845070620195,0.5213807570549396
57,0.003405108362587154,0.5247858654175267
58,0.0033589275430628467,0.5281447929605896
59,0.0033393309386076666,0.5314841238991973
60,0.0032676677307103053,0.5347517916299076
61,0.003217259584186279,0.5379690512140939
62,0.003197124315911328,0.5411661755300052
63,0.003186822953026361,0.5443529984830316
64,0.0031518868039997665,0.5475048852870315
65,0.0030770503234929937,0.5505819356105245
66,0.003014749134114771,0.5535966847446393
67,0.003000340008501585,0.5565970247531409
68,0.0029463461177358405,0.5595433708708767
69,0.002907058023416232,0.562450428894293
70,0.002872764036871413,0.5653231929311644
71,0.0028374642316269516,0.5681606571627913
72,0.002785652492100204,0.5709463096548915
73,0.0027559013866275965,0.5737022110415191
74,0.0027391015443087464,0.5764413125858279
75,0.0026637502778005355,0.5791050628636284
76,0.002643770556879194,0.5817488334205075
77,0.0026234234775517236,0.5843722568980593
78,0.0025968313382380916,0.5869690882362973
79,0.0025613297334671236,0.5895304179697645
80,0.0025516483761924497,0.592082066345957
81,0.002533073024381548,0.5946151393703385
82,0.0025043797742600564,0.5971195191445986
83,0.0024859928410594086,0.599605511985658
84,0.0024396987007088526,0.6020452106863668
85,0.0024308821109112607,0.6044760927972781
86,0.0023980898617484967,0.6068741826590266
87,0.00234180485926205,0.6092159875182886
88,0.002327246097373691,0.6115432336156623
89,0.002321829535298477,0.6138650631509608
90,0.0023063605045082897,0.6161714236554691
91,0.0022565271271375214,0.6184279507826066
92,0.002250285927621103,0.6206782367102277
93,0.0022225798926624185,0.6229008166028901
94,0.002204141375801835,0.6251049579786919
95,0.0021943403454246107,0.6272992983241166
96,0.002163560571897666,0.6294628588960143
97,0.0021249559815354297,0.6315878148775497
98,0.0021091347564213595,0.633696949633971
99,0.002102821252060199,0.6357997708860312
100,0.0020840130784964286,0.6378837839645277
101,0.0020568602073015485,0.6399406441718293
102,0.0020406040241869776,0.6419812481960162
103,0.0020244623599626464,0.6440057105559789
104,0.0020150562686019084,0.6460207668245808
105,0.0020061967734121065,0.6480269635979928
106,0.0019847898565663324,0.6500117534545592
107,0.0019763859320746863,0.6519881393866339
108,0.0019412153607463786,0.6539293547473803
109,0.0019195217012188282,0.6558488764485991
110,0.001907716955716604,0.6577565934043157
111,0.0018968678593226827,0.6596534612636383
112,0.0018797672591269786,0.6615332285227653
113,0.0018675357135854052,0.6634007642363507
114,0.001843551307979442,0.6652443155443302
115,0.0018241659337110748,0.6670684814780412
116,0.0018159156280741667,0.6688843971061154
117,0.0017859974304031336,0.6706703945365184
118,0.0017786091190117972,0.6724490036555303
119,0.001761633388218025,0.6742106370437483
120,0.0017528253180551126,0.6759634623618034
121,0.0017465371969532918,0.6777099995587567
122,0.0017404583307040046,0.6794504578894607
123,0.0017277664166658504,0.6811782243061265
124,0.001706143974253502,0.68288436828038
125,0.001697583948053332,0.6845819522284333
126,0.0016763767313175307,0.6862583289597508
127,0.0016720640602950424,0.6879303930200459
128,0.0016483005602083757,0.6895786935802543
129,0.0016355908151129668,0.6912142843953673
130,0.0016254399965478805,0.6928397243919151
131,0.0015998464887062138,0.6944395708806214
132,0.0015832186511063491,0.6960227895317277
133,0.0015730228362417966,0.6975958123679695
134,0.0015561991586661445,0.6991520115266356
135,0.001544702864364437,0.7006967143910001
136,0.0015297655439737339,0.7022264799349739
137,0.0015186725373379938,0.7037451524723118
138,0.0015112225801879433,0.7052563750524998
139,0.001490861357843575,0.7067472364103434
140,0.0014802636731517298,0.7082275000834951
141,0.0014754232412338348,0.709702923324729
142,0.0014617790727568124,0.7111647023974857
143,0.0014505169879138475,0.7126152193853996
144,0.001440580670302007,0.7140558000557017
145,0.0014251746910332603,0.715480974746735
146,0.0014067415684472,0.7168877163151822
147,0.0013977967689344061,0.7182855130841166
148,0.001385835092034792,0.7196713481761514
149,0.0013817739763180817,0.7210531221524695
150,0.001370224496891511,0.722423346649361
151,0.0013587717111799712,0.723782118360541
152,0.0013423042392098129,0.7251244225997507
153,0.0013368495412241681,0.7264612721409749
154,0.0013275828197038691,0.7277888549606788
155,0.001315154471632917,0.7291040094323117
156,0.0013011554413964626,0.7304051648737081
157,0.0012977405822602755,0.7317029054559684
158,0.0012913816501648233,0.7329942871061332
159,0.0012785705263310616,0.7342728576324643
160,0.0012718157268695814,0.7355446733593339
161,0.0012628416253342928,0.7368075149846682
162,0.001250915334993934,0.7380584303196621
163,0.001245818720850468,0.7393042490405126
164,0.001238211949820952,0.7405424609903336
165,0.001230466113343558,0.7417729271036771
166,0.0012185532462081585,0.7429914803498853
167,0.001212111150850313,0.7442035915007356
168,0.0011942978035550506,0.7453978893042906
169,0.0011926467604207135,0.7465905360647114
170,0.0011872199261102627,0.7477777559908216
171,0.001176761345189867,0.7489545173360115
172,0.0011635481949951968,0.7501180655310067
173,0.0011553541400126683,0.7512734196710193
174,0.0011422021457320778,0.7524156218167515
175,0.0011371816532961903,0.7535528034700477
176,0.001130723940920557,0.7546835274109682
177,0.0011230248308273913,0.7558065522417956
178,0.00111436797058484,0.7569209202123804
179,0.0011035735674845468,0.758024493779865
180,0.0010935142584234244,0.7591180080382884
181,0.001090062940637055,0.7602080709789255
182,0.0010806871910797348,0.7612887581700053
183,0.0010728284640951931,0.7623615866341005
184,0.0010655848995906843,0.7634271715336911
185,0.0010629986316367905,0.7644901701653279
186,0.001059089044817286,0.7655492592101453
187,0.0010451307158034677,0.7665943899259487
188,0.001034473596451981,0.7676288635224008
189,0.001031555606472647,0.7686604191288734
190,0.0010266432906286694,0.769687062419502
191,0.0010139069003884526,0.7707009693198905
192,0.0010073591523335887,0.7717083284722241
193,0.0010022985528495435,0.7727106270250736
194,0.0009976252981657554,0.7737082523232394
195,0.0009823633537249922,0.7746906156769644
196,0.0009783069693364394,0.7756689226463008
197,0.0009733370226377652,0.7766422596689386
198,0.0009636369625068992,0.7776058966314455
199,0.0009598691165253813,0.7785657657479709
200,0.000957455288241967,0.7795232210362129
201,0.0009541149489569273,0.7804773359851698
202,0.0009423247110368626,0.7814196606962066
203,0.0009359486716116946,0.7823556093678183
204,0.0009333302159765999,0.783288939583795
205,0.0009265339025004923,0.7842154734862955
206,0.0009145282399842608,0.7851300017262798
207,0.0009116890588349533,0.7860416907851148
208,0.0009064732933923968,0.7869481640785072
209,0.0009033616245276101,0.7878515257030348
210,0.0008939542703794613,0.7887454799734143
211,0.0008900007111346066,0.7896354806845489
212,0.0008871342656018813,0.7905226149501507
213,0.0008843144887932656,0.791406929438944
214,0.0008783089392460877,0.7922852383781901
215,0.00086959158153661,0.7931548299597267
216,0.0008661671910308538,0.7940209971507576
217,0.0008622899182250888,0.7948832870689827
218,0.0008592514189882503,0.7957425384879709
219,0.0008546560811725441,0.7965971945691435
220,0.0008495993132322444,0.7974467938823757
221,0.0008458934161143134,0.79829268729849
222,0.0008388544255792583,0.7991315417240693
223,0.0008312260822377842,0.799962767806307
224,0.0008284083080469189,0.8007911761143539
225,0.0008234534045316271,0.8016146295188855
226,0.0008182031784374467,0.8024328326973229
227,0.000812752155835662,0.8032455848531586
228,0.000808803613142542,0.8040543884663011
229,0.0008069909086111428,0.8048613793749122
230,0.0008023877172271514,0.8056637670921394
231,0.0007971929094157831,0.8064609600015552
232,0.0007918131425029884,0.8072527731440582
233,0.000787153638115486,0.8080399267821736
234,0.0007833680085174613,0.808823294790691
235,0.0007793283687791819,0.8096026231594702
236,0.0007772124300006468,0.8103798355894708
237,0.0007754095560306807,0.8111552451455015
238,0.0007705815649104601,0.811925826710412
239,0.0007613469902627146,0.8126871737006748
240,0.0007596732047407086,0.8134468469054155
241,0.0007547217287697599,0.8142015686341852
242,0.0007525954255273416,0.8149541640597125
243,0.0007466043078806191,0.8157007683675932
244,0.0007435619454993728,0.8164443303130926
245,0.0007386550749594653,0.8171829853880521
246,0.000735693957183268,0.8179186793452354
247,0.0007316859752973773,0.8186503653205328
248,0.0007286769680989291,0.8193790422886318
249,0.0007207402420066416,0.8200997825306384
250,0.0007189674518737609,0.8208187499825121
251,0.0007174505608750455,0.8215362005433872
252,0.0007111070847758672,0.822247307628163
253,0.0007099033895494346,0.8229572110177125
254,0.0007083340274843625,0.8236655450451968
255,0.0007037678885990955,0.8243693129337959
256,0.0007006862984564792,0.8250699992322523
257,0.0006989579874263769,0.8257689572196787
258,0.0006927770084911076,0.8264617342281698
259,0.0006908948500784441,0.8271526290782483
260,0.0006903851687712453,0.8278430142470196
261,0.0006860395929460203,0.8285290538399656
262,0.0006834084477721107,0.8292124622877377
263,0.0006795634536959812,0.8298920257414337
264,0.0006777620726662481,0.8305697878141
265,0.0006749826785896712,0.8312447704926896
266,0.0006729084935560017,0.8319176789862457
267,0.0006689673623626401,0.8325866463486084
268,0.0006635426987788499,0.8332501890473872
269,0.0006627265229280609,0.8339129155703153
270,0.000657909211130796,0.8345708247814462
271,0.0006575325190270357,0.8352283573004732
272,0.0006528482350786783,0.8358812055355519
273,0.0006511590958826735,0.8365323646314345
274,0.0006488903355540987,0.8371812549669887
275,0.000648857179667853,0.8378301121466566
276,0.0006440314230601727,0.8384741435697167
277,0.0006380610169936598,0.8391122045867104
278,0.000636217929551707,0.8397484225162621
279,0.0006349341187842993,0.8403833566350465
280,0.0006317475020271141,0.8410151041370736
281,0.0006289902731753266,0.8416440944102489
282,0.0006275517752763743,0.8422716461855253
283,0.0006232845640750625,0.8428949307496003
284,0.0006174951174339258,0.8435124258670342
285,0.0006164233685127138,0.844128849235547
286,0.0006133319183416943,0.8447421811538887
287,0.0006110383171492067,0.8453532194710379
288,0.0006085992051367031,0.8459618186761746
289,0.0006062856919027518,0.8465681043680774
290,0.0006040781119204897,0.8471721824799979
291,0.0005984527528412568,0.8477706352328391
292,0.0005975035460858905,0.848368138778925
293,0.0005934654304244763,0.8489616042093495
294,0.000591380898207612,0.8495529851075572
295,0.0005874913745872913,0.8501404764821444
296,0.0005858271796341829,0.8507263036617786
297,0.0005830395160828975,0.8513093431778614
298,0.0005806500440552724,0.8518899932219167
299,0.0005778730649457325,0.8524678662868624
300,0.0005768820172327596,0.8530447483040952
301,0.0005747910735784868,0.8536195393776737
302,0.0005723809206356406,0.8541919202983093
303,0.0005696167206976403,0.8547615370190069
304,0.0005658471334758785,0.8553273841524828
305,0.0005648326507239,0.8558922168032067
306,0.0005640908753938451,0.8564563076786006
307,0.0005623142739800336,0.8570186219525806
308,0.0005580595909283675,0.857576681543509
309,0.0005549316167677778,0.8581316131602768
310,0.0005540363808309702,0.8586856495411077
311,0.000552221849087358,0.859237871390195
312,0.0005489292103382676,0.8597868006005333
313,0.000547741278714016,0.8603345418792473
314,0.00054575660853429,0.8608802984877816
315,0.0005415038972443188,0.8614218023850259
316,0.0005406340991281664,0.861962436484154
317,0.0005386811460563302,0.8625011176302104
318,0.0005360088696802687,0.8630371264998907
319,0.000534312747582927,0.8635714392474737
320,0.0005312952384857946,0.8641027344859595
321,0.0005284249188916101,0.8646311594048511
322,0.0005248747135945254,0.8651560341184457
323,0.0005221619283626713,0.8656781960468083
324,0.0005208911094464353,0.8661990871562547
325,0.0005196505329856897,0.8667187376892403
326,0.0005171580506969359,0.8672358957399373
327,0.0005147652870808462,0.8677506610270181
328,0.000513727084172914,0.8682643881111911
329,0.0005102140433061521,0.8687746021544973
330,0.0005096952643812753,0.8692842974188786
331,0.0005071610170792412,0.8697914584359578
332,0.0005057063930919907,0.8702971648290498
333,0.0005042723120145216,0.8708014371410644
334,0.0005010730345904302,0.8713025101756549
335,0.0005003004253860136,0.8718028106010409
336,0.0004985314566760791,0.872301342057717
337,0.0004965071996273901,0.8727978492573444
338,0.0004927140592221371,0.8732905633165665
339,0.0004913646506321913,0.8737819279671987
340,0.0004901487322061952,0.8742720766994049
341,0.0004874599222342925,0.8747595366216392
342,0.0004854142653379372,0.8752449508869772
343,0.0004831514741715329,0.8757281023611487
344,0.0004825678622296921,0.8762106702233784
345,0.0004816776082535021,0.8766923478316319
346,0.0004784404369819832,0.8771707882686138
347,0.0004749801175941199,0.877645768386208
348,0.00047317457668541137,0.8781189429628934
349,0.00047025706985121045,0.8785892000327447
350,0.0004694466700608547,0.8790586467028055
351,0.00046882005690006707,0.8795274667597056
352,0.00046602464796188927,0.8799934914076675
353,0.0004652455128940457,0.8804587369205615
354,0.0004637088289432026,0.8809224457495047
355,0.0004608521865970027,0.8813832979361017
356,0.0004607521913521788,0.8818440501274539
357,0.00045793317129857455,0.8823019832987525
358,0.0004571554222871622,0.8827591387210397
359,0.00045419674139501333,0.8832133354624347
360,0.00045216200380812286,0.8836654974662429
361,0.0004516412716815711,0.8841171387379245
362,0.00045037597332846983,0.884567514711253
363,0.0004487123419714854,0.8850162270532245
364,0.00044532936525833774,0.8854615564184828
365,0.0004443007080957567,0.8859058571265785
366,0.00044176423553277377,0.8863476213621113
367,0.0004399194612891799,0.8867875408234005
368,0.00043835749059570344,0.8872258983139962
369,0.00043759489714848075,0.8876634932111447
370,0.0004351711636317122,0.8880986643747764
371,0.00043353951350253887,0.8885322038882789
372,0.00043203208893466513,0.8889642359772136
373,0.0004314381034728531,0.8893956740806865
374,0.0004298300719354323,0.889825504152622
375,0.0004283865123501022,0.8902538906649721
376,0.00042619838848598034,0.8906800890534581
377,0.00042569081475200837,0.89110577986821
378,0.0004241107752961837,0.8915298906435062
379,0.00042226657744994195,0.8919521572209561
380,0.00042083271129745475,0.8923729899322536
381,0.0004189886387099786,0.8927919785709635
382,0.0004175300129005701,0.893209508583864
383,0.0004168059797633463,0.8936263145636274
384,0.00041362134236688726,0.8940399359059943
385,0.00041337793341528754,0.8944533138394096
386,0.0004117401892410815,0.8948650540286507
387,0.0004101859863976977,0.8952752400150484
388,0.00040830077476223305,0.8956835407898107
389,0.0004071363955341723,0.8960906771853449
390,0.0004051305083385706,0.8964958076936834
391,0.0004035563996855246,0.8968993640933689
392,0.00040278129644248466,0.8973021453898113
393,0.0004005381259186387,0.89770268351573
394,0.0003999540740489646,0.8981026375897789
395,0.0003992114642862246,0.8985018490540652
396,0.0003981462711612494,0.8988999953252265
397,0.0003956587067601663,0.8992956540319866
398,0.0003944343389297261,0.8996900883709164
399,0.0003920055432405915,0.9000820939141569
400,0.00039067290423542525,0.9004727668183924
401,0.0003904880658456862,0.9008632548842381
402,0.0003894106468695957,0.9012526655311077
403,0.0003887488758241994,0.9016414144069319
404,0.00038709316206001566,0.9020285075689919
405,0.0003834987677114318,0.9024120063367033
406,0.0003828349112938626,0.9027948412479971
407,0.0003819760779739305,0.9031768173259711
408,0.0003802879009517518,0.9035571052269229
409,0.00037857954217038995,0.9039356847690933
410,0.00037672666095187095,0.9043124114300451
411,0.0003764942273089428,0.904688905657354
412,0.00037452086608328656,0.9050634265234373
413,0.00037337153960260435,0.9054367980630399
414,0.00037174040048623794,0.9058085384635262
415,0.00037005597699498805,0.9061785944405212
416,0.00036846153827878157,0.9065470559787999
417,0.0003668972633532694,0.9069139532421532
418,0.0003652153715661867,0.9072791686137194
419,0.00036513471049117986,0.9076443033242105
420,0.00036418237981463797,0.9080084857040251
421,0.00036330352874581416,0.908371789232771
422,0.0003615406948156317,0.9087333299275866
423,0.0003595041558110042,0.9090928340833976
424,0.000359275817301626,0.9094521099006992
425,0.000356249902534199,0.9098083598032335
426,0.000355841524593165,0.9101642013278266
427,0.00035480315785377367,0.9105190044856803
428,0.00035337886506213087,0.9108723833507425
429,0.0003530464459021313,0.9112254297966447
430,0.0003517227868955397,0.9115771525835402
431,0.000350551135718881,0.9119277037192591
432,0.0003496667029879657,0.9122773704222471
433,0.00034898239832799273,0.9126263528205751
434,0.00034554006502270556,0.9129718928855979
435,0.00034489721456791074,0.9133167901001658
436,0.00034384679711628463,0.913660636897282
437,0.0003434905533876055,0.9140041274506696
438,0.0003422667929637506,0.9143463942436334
439,0.0003410375298885983,0.914687431773522
440,0.00034042313161009323,0.915027854905132
441,0.0003385755876521814,0.9153664304927842
442,0.00033678271313157326,0.9157032132059157
443,0.00033600996426889207,0.9160392231701846
444,0.00033535525892153,0.9163745784291061
445,0.00033459409886145,0.9167091725279676
446,0.00033158238372960796,0.9170407549116972
447,0.00033069609653111286,0.9173714510082284
448,0.00032931084438678405,0.9177007618526152
449,0.00032758779922005944,0.9180283496518352
450,0.0003268916948539386,0.9183552413466891
451,0.0003265349638474618,0.9186817763105366
452,0.0003253303631948666,0.9190071066737314
453,0.00032496154261104385,0.9193320682163425
454,0.00032394102586417474,0.9196560092422067
455,0.0003227180793777199,0.9199787273215844
456,0.0003211509217969732,0.9202998782433813
457,0.0003205396434715399,0.9206204178868529
458,0.0003194252816871197,0.92093984316854
459,0.0003186863983919255,0.921258529566932
460,0.0003177096921889572,0.9215762392591209
461,0.0003167116263855047,0.9218929508855064
462,0.00031604314871520243,0.9222089940342216
463,0.0003143836053855205,0.9225233776396071
464,0.00031396952311398414,0.9228373471627211
465,0.0003117818883127588,0.9231491290510339
466,0.000311198685181237,0.9234603277362151
467,0.00031065546266106935,0.9237709831988762
468,0.00030910252481266046,0.9240800857236888
469,0.00030882771235140417,0.9243889134360402
470,0.0003071143232015466,0.9246960277592418
471,0.00030481019827643024,0.9250008379575182
472,0.0003038850970622683,0.9253047230545804
473,0.00030266307337516846,0.9256073861279556
474,0.000302390524008555,0.9259097766519642
475,0.000302283786647348,0.9262120604386115
476,0.00029999872301316447,0.9265120591616246
477,0.00029830703630790594,0.9268103661979326
478,0.00029775749795357936,0.9271081236958861
479,0.00029764364337295235,0.9274057673392591
480,0.0002966844110689671,0.9277024517503281
481,0.0002957624415104051,0.9279982141918385
482,0.00029534057114186536,0.9282935547629804
483,0.0002945690696377592,0.9285881238326181
484,0.0002943057695063116,0.9288824296021244
485,0.00029136644686200816,0.9291737960489864
486,0.00029101428488076186,0.9294648103338672
487,0.00028996292327437167,0.9297547732571415
488,0.00028951553963487293,0.9300442887967764
489,0.0002885652044980812,0.9303328540012744
490,0.0002863156830120411,0.9306191696842865
491,0.00028596378999716206,0.9309051334742836
492,0.00028484117696083783,0.9311899746512444
493,0.0002833826068746114,0.9314733572581191
494,0.0002830514834528607,0.931756408741572
495,0.0002817927011882675,0.9320382014427602
496,0.000280615760000836,0.932318817202761
497,0.00027889092888643696,0.9325977081316474
498,0.00027708316691340813,0.9328747912985609
499,0.00027598336558828256,0.9331507746641492
500,0.00027512079692157355,0.9334258954610708
501,0.0002746192746073594,0.9337005147356782
502,0.0002735193357165886,0.9339740340713948
503,0.0002726826339674188,0.9342467167053622
504,0.0002721270637542505,0.9345188437691164
505,0.0002707098214768601,0.9347895535905932
506,0.0002701350977749043,0.9350596886883682
507,0.0002691248658726003,0.9353288135542408
508,0.00026816914796878546,0.9355969827022096
509,0.00026710837055745164,0.935864091072767
510,0.0002663666018808749,0.9361304576746479
511,0.0002659414608918797,0.9363963991355397
512,0.00026546017648565326,0.9366618593120254
513,0.00026517559637648735,0.9369270349084019
514,0.0002642822446740364,0.9371913171530759
515,0.00026295155945931084,0.9374542687125352
516,0.00026199702232042045,0.9377162657348557
517,0.00026174481848627914,0.937978010553342
518,0.000260717007138684,0.9382387275604807
519,0.00025922933921519124,0.9384979568996958
520,0.00025845489383403595,0.9387564117935299
521,0.0002580018859404104,0.9390144136794703
522,0.0002570002076154505,0.9392714138870857
523,0.0002552531181883991,0.9395266670052741
524,0.0002547841350771143,0.9397814511403512
525,0.0002536176682958387,0.940035068808647
526,0.0002520980015432278,0.9402871668101902
527,0.00025111309496479126,0.940538279905155
528,0.000250069383901197,0.9407883492890562
529,0.0002493196463990193,0.9410376689354553
530,0.00024883199624326955,0.9412865009316985
531,0.00024818053077907073,0.9415346814624775
532,0.00024756981145375906,0.9417822512739313
533,0.00024686524600412525,0.9420291165199355
534,0.00024625386907298246,0.9422753703890084
535,0.0002447827292118997,0.9425201531182203
536,0.0002441530780754753,0.9427643061962958
537,0.00024285521827516066,0.943007161414571
538,0.00024246417586293713,0.9432496255904339
539,0.00024194323590739653,0.9434915688263413
540,0.00024088519044878533,0.9437324540167901
541,0.0002401384286262353,0.9439725924454163
542,0.00023928470934743315,0.9442118771547637
543,0.0002384711872380018,0.9444503483420017
544,0.0002371588377295669,0.9446875071797313
545,0.00023599692942530225,0.9449235041091566
546,0.0002353846074211789,0.9451588887165778
547,0.00023503955471252034,0.9453939282712903
548,0.00023373947148290923,0.9456276677427732
549,0.00023348660543184206,0.9458611543482051
550,0.00023214277438895692,0.946093297122594
551,0.00023203118089609688,0.9463253283034901
552,0.00023083425096891684,0.9465561625544591
553,0.00023015157443105733,0.9467863141288901
554,0.00022931941311229187,0.9470156335420025
555,0.00022872399931350162,0.947244357541316
556,0.0002284438872900197,0.947472801428606
557,0.00022788186595207706,0.9477006832945581
558,0.0002261111097236016,0.9479267944042817
559,0.00022575500292505298,0.9481525494072068
560,0.0002250572316645706,0.9483776066388714
561,0.00022413344915577144,0.9486017400880271
562,0.00022339360936324387,0.9488251336973904
563,0.00022280558526732526,0.9490479392826577
564,0.00022208226302250844,0.9492700215456803
565,0.0002205586669120012,0.9494905802125923
566,0.00021834982350951788,0.9497089300361018
567,0.00021804314427520058,0.949926973180377
568,0.00021754331405765618,0.9501445164944347
569,0.00021694133941712034,0.9503614578338517
570,0.00021608617909011935,0.9505775440129418
571,0.00021578284513725586,0.950793326858079
572,0.00021513377201378485,0.9510084606300928
573,0.0002141251731419538,0.9512225858032347
574,0.0002132782284505062,0.9514358640316852
575,0.00021268922975479837,0.95164855326144
576,0.00021158320502744188,0.9518601364664675
577,0.0002108530887074671,0.952070989555175
578,0.00020979224973719765,0.9522807818049122
579,0.00020900303013596426,0.9524897848350481
580,0.0002083892659253628,0.9526981741009735
581,0.00020772694417860776,0.952905901045152
582,0.0002070082637669836,0.953112909308919
583,0.00020521127460936466,0.9533181205835284
584,0.00020461094785970583,0.9535227315313881
585,0.00020379333471658406,0.9537265248661047
586,0.00020329712267136852,0.9539298219887761
587,0.00020291351682321325,0.9541327355055993
588,0.00020213747225313972,0.9543348729778525
589,0.0002010544393047678,0.9545359274171572
590,0.00020067372191403697,0.9547366011390712
591,0.0001991699399356869,0.954935771079007
592,0.00019867256600738484,0.9551344436450143
593,0.00019764117680882412,0.9553320848218232
594,0.0001973498042805753,0.9555294346261037
595,0.0001964115132272295,0.955725846139331
596,0.00019635570043079268,0.9559222018397617
597,0.00019458331280784285,0.9561167851525696
598,0.00019297506358695668,0.9563097602161565
599,0.00019273893992447733,0.956502499156081
600,0.00019235433773590535,0.9566948534938169
601,0.00019181617102971153,0.9568866696648466
602,0.0001906524252708977,0.9570773220901175
603,0.00018975725112483846,0.9572670793412423
604,0.00018911797632021175,0.9574561973175626
605,0.00018829031974897854,0.9576444876373116
606,0.00018733038034852165,0.9578318180176602
607,0.00018690805430196153,0.9580187260719621
608,0.00018621493181631872,0.9582049410037785
609,0.00018511253183655662,0.958390053535615
610,0.00018493656268732704,0.9585749900983024
611,0.00018323435374754675,0.95875822445205
612,0.0001830966276020693,0.958941321079652
613,0.0001819819984924679,0.9591233030781445
614,0.00018093997155898877,0.9593042430497035
615,0.00018030781796469033,0.9594845508676683
616,0.00017970289712321356,0.9596642537647915
617,0.00017930117374587016,0.9598435549385373
618,0.0001789597429961172,0.9600225146815334
619,0.00017824195467743765,0.9602007566362109
620,0.00017662999785836764,0.9603773866340692
621,0.00017616410638545608,0.9605535507404547
622,0.0001755651028639875,0.9607291158433187
623,0.0001743667929494211,0.9609034826362681
624,0.0001741821410403004,0.9610776647773084
625,0.0001727279987161399,0.9612503927760245
626,0.00017205240699703632,0.9614224451830216
627,0.00017163199995538558,0.961594077182977
628,0.00017091043549280916,0.9617649876184697
629,0.00016979013633376143,0.9619347777548035
630,0.0001690354703206906,0.9621038132251242
631,0.00016848869614944604,0.9622723019212737
632,0.00016818825384924278,0.9624404901751229
633,0.0001665846734810411,0.962607074848604
634,0.00016613113943988311,0.9627732059880438
635,0.00016582768361917422,0.962939033671663
636,0.00016454848776795058,0.9631035821594309
637,0.00016435631019057648,0.9632679384696216
638,0.0001640163652158856,0.9634319548348375
639,0.00016336756271039934,0.9635953223975479
640,0.00016245979652553262,0.9637577821940734
641,0.00016185009189705288,0.9639196322859704
642,0.00016037034428487474,0.9640800026302553
643,0.00016003994977955937,0.9642400425800348
644,0.00015929455599196808,0.9643993371360268
645,0.0001575154201265254,0.9645568525561533
646,0.00015694332502968377,0.964713795881183
647,0.000156502193800525,0.9648702980749835
648,0.00015607244158826605,0.9650263705165717
649,0.00015537937781639964,0.9651817498943881
650,0.00015487773691616236,0.9653366276313042
651,0.00015424924842283435,0.9654908768797271
652,0.00015300537939560047,0.9656438822591227
653,0.00015289080177139036,0.9657967730608941
654,0.00015218947504199755,0.9659489625359361
655,0.00015104696304368164,0.9661000094989798
656,0.00015044195485430542,0.966250451453834
657,0.00014973665047314852,0.9664001881043072
658,0.00014940725123911906,0.9665495953555463
659,0.00014863314283411808,0.9666982284983804
660,0.00014828640851160955,0.966846514906892
661,0.00014766274540897975,0.966994177652301
662,0.0001470842558837991,0.9671412619081848
663,0.00014636368048193452,0.9672876255886668
664,0.00014610408815295326,0.9674337296768197
665,0.00014537269338982725,0.9675791023702096
666,0.0001447638586678714,0.9677238662288775
667,0.00014363342633920322,0.9678674996552167
668,0.000143334836554576,0.9680108344917713
669,0.00014306664105401734,0.9681539011328253
670,0.00014287087320608038,0.9682967720060314
671,0.0001419538013190843,0.9684387258073505
672,0.00014080992066402466,0.9685795357280145
673,0.0001400230974237064,0.9687195588254381
674,0.00013931067289987286,0.968858869498338
675,0.00013910040530959252,0.9689979699036476
676,0.00013819394299191255,0.9691361638466395
677,0.0001379898442605043,0.9692741536909
678,0.00013689874678958234,0.9694110524376895
679,0.0001361241986677815,0.9695471766363574
680,0.00013570927916544813,0.9696828859155228
681,0.00013489457190551935,0.9698177804874283
682,0.00013452901761480497,0.9699523095050431
683,0.00013431834646527278,0.9700866278515083
684,0.0001331390285389134,0.9702197668800473
685,0.000132205205981488,0.9703519720860287
686,0.0001318793324324302,0.9704838514184612
687,0.00013081887450699524,0.9706146702929681
688,0.0001302780947329293,0.9707449483877011
689,0.00012918846678092123,0.970874136854482
690,0.0001290397296745614,0.9710031765841566
691,0.00012835522531248254,0.9711315318094691
692,0.0001281973352240252,0.9712597291446932
693,0.00012764304543927223,0.9713873721901324
694,0.0001273896778934612,0.9715147618680259
695,0.0001263527729007921,0.9716411146409266
696,0.0001258977100017935,0.9717670123509284
697,0.0001246744430081522,0.9718916867939366
698,0.00012429404381871756,0.9720159808377553
699,0.00012361345000152344,0.9721395942877569
700,0.00012306943095090166,0.9722626637187077
701,0.00012244033916450432,0.9723851040578723
702,0.00012197361313216024,0.9725070776710044
703,0.00012168970293858301,0.972628767373943
704,0.00012143540219037053,0.9727502027761333
705,0.0001205254136885552,0.9728707281898219
706,0.00011986337091144758,0.9729905915607333
707,0.00011921141591280071,0.9731098029766461
708,0.00011843040540357036,0.9732282333820497
709,0.000118200440228541,0.9733464338222783
710,0.00011760972151349431,0.9734640435437918
711,0.00011702753034615193,0.9735810710741379
712,0.00011572093216440766,0.9736967920063023
713,0.0001155073912918188,0.9738122993975942
714,0.00011517633106986512,0.973927475728664
715,0.00011426689904131268,0.9740417426277053
716,0.00011409362135520803,0.9741558362490604
717,0.00011337434651023334,0.9742692105955707
718,0.00011291158824894499,0.9743821221838197
719,0.00011214391162048726,0.9744942660954402
720,0.00011163497132456543,0.9746059010667648
721,0.00011124047314920392,0.9747171415399141
722,0.00011044606999599516,0.9748275876099101
723,0.00011011850666430517,0.9749377061165744
724,0.00010972548321288477,0.9750474315997872
725,0.00010952034532948615,0.9751569519451168
726,0.00010877851090175159,0.9752657304560185
727,0.00010852642792770283,0.9753742568839462
728,0.00010806086347075897,0.9754823177474169
729,0.00010739498306686619,0.9755897127304838
730,0.0001070175911380161,0.9756967303216219
731,0.00010634445974431878,0.9758030747813662
732,0.00010538033514406401,0.9759084551165103
733,0.00010474070682487117,0.9760131958233351
734,0.00010395882877227955,0.9761171546521074
735,0.00010328516715726908,0.9762204398192647
736,0.00010251641212070744,0.9763229562313853
737,0.00010214233327855284,0.9764250985646639
738,0.00010124586335074129,0.9765263444280146
739,0.00010093266987143428,0.976627277097886
740,0.00010043380473752313,0.9767277109026236
741,9.986715995837356e-05,0.9768275780625819
742,9.913535318039517e-05,0.9769267134157623
743,9.886272107473661e-05,0.977025576136837
744,9.750656474156186e-05,0.9771230827015787
745,9.735207169323815e-05,0.9772204347732719
746,9.714121280606995e-05,0.9773175759860779
747,9.693811114911044e-05,0.977414514097227
748,9.598884019160595e-05,0.9775105029374186
749,9.584958234947745e-05,0.977606352519768
750,9.489857184216304e-05,0.9777012510916102
751,9.458489738204751e-05,0.9777958359889922
752,9.429673902975043e-05,0.9778901327280219
753,9.392762700174298e-05,0.9779840603550237
754,9.26207241032857e-05,0.978076681079127
755,9.211507672051852e-05,0.9781687961558475
756,9.164378490850805e-05,0.9782604399407561
757,9.122365590729598e-05,0.9783516635966634
758,9.072443574929953e-05,0.9784423880324127
759,8.997614313682483e-05,0.9785323641755495
760,8.97960364436697e-05,0.9786221602119931
761,8.922163350483067e-05,0.9787113818454979
762,8.841438634358738e-05,0.9787997962318414
763,8.792662093514412e-05,0.9788877228527766
764,8.747569928134363e-05,0.978975198552058
765,8.715581089249142e-05,0.9790623543629504
766,8.653216072489953e-05,0.9791488865236753
767,8.597308411554446e-05,0.9792348596077908
768,8.540638895163105e-05,0.9793202659967424
769,8.485196332006134e-05,0.9794051179600625
770,8.440284493283459e-05,0.9794895208049953
771,8.400424734530696e-05,0.9795735250523406
772,8.339294920278403e-05,0.9796569180015434
773,8.325639990121501e-05,0.9797401744014447
774,8.224401666205889e-05,0.9798224184181067
775,8.201506077029711e-05,0.979904433478877
776,8.185943608151919e-05,0.9799862929149585
777,8.131669153032438e-05,0.9800676096064889
778,8.095790977727162e-05,0.9801485675162661
779,8.059443129065725e-05,0.9802291619475567
780,7.99632382339843e-05,0.9803091251857907
781,7.953095861813182e-05,0.9803886561444088
782,7.928996838278686e-05,0.9804679461127916
783,7.884886757762643e-05,0.9805467949803692
784,7.8207680787959e-05,0.9806250026611572
785,7.763678218916751e-05,0.9807026394433463
786,7.721955932392795e-05,0.9807798590026703
787,7.701303039500267e-05,0.9808568720330653
788,7.668531181660203e-05,0.9809335573448819
789,7.647697042483929e-05,0.9810100343153066
790,7.606580752383987e-05,0.9810861001228305
791,7.531026672597011e-05,0.9811614103895565
792,7.522606678375726e-05,0.9812366364563403
793,7.494775784578542e-05,0.9813115842141861
794,7.456795777150594e-05,0.9813861521719576
795,7.413215984081837e-05,0.9814602843317984
796,7.340227765188315e-05,0.9815336866094503
797,7.312652359878535e-05,0.9816068131330491
798,7.243160105274189e-05,0.9816792447341018
799,7.219398721927977e-05,0.9817514387213211
800,7.175972761054002e-05,0.9818231984489316
801,7.157730704815022e-05,0.9818947757559797
802,7.09517322565102e-05,0.9819657274882362
803,7.06479303259976e-05,0.9820363754185621
804,7.047827573410112e-05,0.9821068536942963
805,6.977325246732344e-05,0.9821766269467637
806,6.953841924475952e-05,0.9822461653660084
807,6.910388679591065e-05,0.9823152692528043
808,6.875900024302975e-05,0.9823840282530474
809,6.813014132321343e-05,0.9824521583943706
810,6.796868343539648e-05,0.982520127077806
811,6.748764750103769e-05,0.9825876147253071
812,6.713079787680562e-05,0.9826547455231839
813,6.70299716544917e-05,0.9827217754948384
814,6.663946970211475e-05,0.9827884149645405
815,6.602434124656843e-05,0.9828544393057871
816,6.564909117086732e-05,0.982920088396958
817,6.497640732430968e-05,0.9829850648042823
818,6.488744441640293e-05,0.9830499522486986
819,6.486399774507159e-05,0.9831148162464437
820,6.453160142793169e-05,0.9831793478478716
821,6.418220850783875e-05,0.9832435300563794
822,6.304089922396498e-05,0.9833065709556034
823,6.246645144266458e-05,0.9833690374070461
824,6.210150315674562e-05,0.9834311389102028
825,6.178586129510676e-05,0.983492924771498
826,6.172286547192292e-05,0.9835546476369699
827,6.134271008701722e-05,0.9836159903470569
828,6.093130115951602e-05,0.9836769216482164
829,6.066537456562279e-05,0.983737587022782
830,6.0394325420717715e-05,0.9837979813482027
831,5.979137325699714e-05,0.9838577727214597
832,5.974621741951937e-05,0.9839175189388792
833,5.945954976708942e-05,0.9839769784886463
834,5.9049062554593636e-05,0.9840360275512009
835,5.896879366381945e-05,0.9840949963448647
836,5.8428734989867407e-05,0.9841534250798546
837,5.822878165288002e-05,0.9842116538615074
838,5.793132045408233e-05,0.9842695851819615
839,5.7741661660016377e-05,0.9843273268436216
840,5.732360167563244e-05,0.9843846504452972
841,5.6879814604344654e-05,0.9844415302599016
842,5.6597064453670984e-05,0.9844981273243553
843,5.647497477985194e-05,0.9845546022991352
844,5.6194584576742716e-05,0.9846107968837119
845,5.597407814522702e-05,0.9846667709618572
846,5.572669818627666e-05,0.9847224976600435
847,5.527961310291792e-05,0.9847777772731464
848,5.499562580449531e-05,0.9848327728989509
849,5.4834409726905294e-05,0.9848876073086777
850,5.47484222622202e-05,0.98494235573094
851,5.423304777094748e-05,0.984996588778711
852,5.415846266053147e-05,0.9850507472413715
853,5.4001519902196876e-05,0.9851047487612737
854,5.3174113376576935e-05,0.9851579228746503
855,5.276996838436974e-05,0.9852106928430346
856,5.23929785922566e-05,0.9852630858216269
857,5.2337070225893464e-05,0.9853154228918528
858,5.2081284938461225e-05,0.9853675041767913
859,5.201959519836288e-05,0.9854195237719897
860,5.1703707751760243e-05,0.9854712274797415
861,5.124637290816999e-05,0.9855224738526497
862,5.0905238487418285e-05,0.9855733790911371
863,5.074173546539218e-05,0.9856241208266024
864,5.045172333817441e-05,0.9856745725499406
865,5.036588691093255e-05,0.9857249384368516
866,4.995060787893577e-05,0.9857748890447305
867,4.967141549627093e-05,0.9858245604602268
868,4.953251700895484e-05,0.9858740929772358
869,4.9298083821455664e-05,0.9859233910610573
870,4.919532375895341e-05,0.9859725863848162
871,4.886004274096375e-05,0.9860214464275572
872,4.856173664506486e-05,0.9860700081642022
873,4.842099303583084e-05,0.986118429157238
874,4.818196515225967e-05,0.9861666111223902
875,4.7883188147693445e-05,0.986214494310538
876,4.767372914902766e-05,0.986262168039687
877,4.720904565727183e-05,0.9863093770853443
878,4.711021371313782e-05,0.9863564872990574
879,4.700068251199871e-05,0.9864034879815694
880,4.6760613268833746e-05,0.9864502485948382
881,4.665199526657762e-05,0.9864969005901048
882,4.636276072429194e-05,0.9865432633508291
883,4.610266751616313e-05,0.9865893660183452
884,4.589437943775567e-05,0.986635260397783
885,4.558590927398088e-05,0.986680846307057
886,4.519408165102179e-05,0.986726040388708
887,4.4949304726202245e-05,0.9867709896934342
888,4.48067060594588e-05,0.9868157963994937
889,4.453182586243535e-05,0.9868603282253561
890,4.417449494456778e-05,0.9869045027203006
891,4.405891668364518e-05,0.9869485616369843
892,4.376298883976535e-05,0.9869923246258241
893,4.358058819172201e-05,0.9870359052140159
894,4.3495646017373164e-05,0.9870794008600332
895,4.332266552662251e-05,0.9871227235255599
896,4.317993704868147e-05,0.9871659034626086
897,4.288555990519306e-05,0.9872087890225137
898,4.275155350259254e-05,0.9872515405760164
899,4.262349009269199e-05,0.987294164066109
900,4.245121059258235e-05,0.9873366152767016
901,4.199380540716052e-05,0.9873786090821087
902,4.1961428621917974e-05,0.9874205705107306
903,4.1943329375320903e-05,0.987462513840106
904,4.159023879129673e-05,0.9875041040788972
905,4.1499314776475044e-05,0.9875456033936737
906,4.130211109628254e-05,0.98758690550477
907,4.1110384458540705e-05,0.9876280158892285
908,4.07593376579795e-05,0.9876687752268866
909,4.072672129515814e-05,0.9877095019481817
910,4.056346890252805e-05,0.9877500654170843
911,4.041488654753058e-05,0.9877904803036318
912,4.0342932870043136e-05,0.9878308232365018
913,4.01328329729029e-05,0.9878709560694747
914,3.992632408415868e-05,0.9879108823935588
915,3.978937262071853e-05,0.9879506717661796
916,3.966713444153124e-05,0.987990338900621
917,3.930143236668457e-05,0.9880296403329877
918,3.920294988095653e-05,0.9880688432828686
919,3.906323568823625e-05,0.9881079065185568
920,3.8920344266239085e-05,0.9881468268628231
921,3.869995096742732e-05,0.9881855268137905
922,3.847054448362283e-05,0.988223997358274
923,3.842499619858258e-05,0.9882624223544726
924,3.82628422773829e-05,0.98830068519675
925,3.820466861084904e-05,0.9883388898653608
926,3.7933903825455306e-05,0.9883768237691862
927,3.774161927384052e-05,0.9884145653884601
928,3.7643545728344755e-05,0.9884522089341884
929,3.741218861348578e-05,0.9884896211228019
930,3.734476974278274e-05,0.9885269658925447
931,3.7228301882430556e-05,0.9885641941944272
932,3.7074259851957786e-05,0.9886012684542792
933,3.691474620786923e-05,0.988638183200487
934,3.6694830386030436e-05,0.9886748780308731
935,3.6537215762242057e-05,0.9887114152466353
936,3.6463079880701784e-05,0.988747878326516
937,3.636137953301358e-05,0.988784239706049
938,3.604507673898454e-05,0.9888202847827879
939,3.592498762868706e-05,0.9888562097704167
940,3.580940043463971e-05,0.9888920191708513
941,3.5746028843890614e-05,0.9889277651996953
942,3.563077754058181e-05,0.9889633959772358
943,3.53779052859071e-05,0.9889987738825218
944,3.5102702622925144e-05,0.9890338765851447
945,3.509667119374055e-05,0.9890689732563385
946,3.4873512155933274e-05,0.9891038467684944
947,3.4710392704247835e-05,0.9891385571611986
948,3.456764228836641e-05,0.989173124803487
949,3.455288544753014e-05,0.9892076776889345
950,3.4207891668130065e-05,0.9892418855806026
951,3.416168414748244e-05,0.98927604726475
952,3.399453565870121e-05,0.9893100418004087
953,3.390284269957024e-05,0.9893439446431083
954,3.37387121551823e-05,0.9893776833552634
955,3.3600590744126424e-05,0.9894112839460075
956,3.3579889415262005e-05,0.9894448638354227
957,3.331947126523979e-05,0.989478183306688
958,3.3229110169618325e-05,0.9895114124168576
959,3.321762142609788e-05,0.9895446300382836
960,3.315981869476518e-05,0.9895777898569784
961,3.2966206313427736e-05,0.9896107560632919
962,3.27938525749764e-05,0.9896435499158668
963,3.267425248593928e-05,0.9896762241683528
964,3.251655108357352e-05,0.9897087407194364
965,3.231491993745663e-05,0.9897410556393739
966,3.2208577278491455e-05,0.9897732642166523
967,3.20519839428014e-05,0.9898053162005952
968,3.191351066628444e-05,0.9898372297112615
969,3.1859644764076556e-05,0.9898690893560256
970,3.168933598332997e-05,0.9899007786920089
971,3.1584891552968063e-05,0.9899323635835618
972,3.1516068552544766e-05,0.9899638796521144
973,3.142020288108138e-05,0.9899952998549955
974,3.1207625181892523e-05,0.9900265074801774
975,3.1159191070398514e-05,0.9900576666712478
976,3.111115899186423e-05,0.9900887778302397
977,3.094476864362288e-05,0.9901197225988834
978,3.068091069968583e-05,0.990150403509583
979,3.057218870486724e-05,0.9901809756982879
980,3.057064796336085e-05,0.9902115463462513
981,3.0413221010265432e-05,0.9902419595672616
982,3.029478741518738e-05,0.9902722543546768
983,3.0211322726776685e-05,0.9903024656774035
984,3.013844823549683e-05,0.9903326041256391
985,3.001841776492339e-05,0.990362622543404
986,2.9937418525712308e-05,0.9903925599619298
987,2.9660870572763896e-05,0.9904222208325025
988,2.959559954847255e-05,0.990451816432051
989,2.9500320278412053e-05,0.9904813167523294
990,2.944428289561609e-05,0.9905107610352251
991,2.9313854685109184e-05,0.9905400748899101
992,2.9137267315562066e-05,0.9905692121572257
993,2.9065288585059146e-05,0.9905982774458107
994,2.8974281280913682e-05,0.9906272517270917
995,2.8912448605943307e-05,0.9906561641756976
996,2.8806058835596675e-05,0.9906849702345332
997,2.871675032026626e-05,0.9907136869848534
998,2.857219037797427e-05,0.9907422591752314
999,2.849953866845841e-05,0.9907707587138999
1000,2.8372438012177417e-05,0.990799131151912
1001,2.8167171323846308e-05,0.9908272983232358
1002,2.8072815524116813e-05,0.9908553711387599
1003,2.802087966270137e-05,0.9908833920184226
1004,2.7893217148689718e-05,0.9909112852355713
1005,2.7874234572702894e-05,0.990939159470144
1006,2.772042984561418e-05,0.9909668798999897
1007,2.7694166024927133e-05,0.9909945740660145
1008,2.7579626295956196e-05,0.9910221536923105
1009,2.7488219958717956e-05,0.9910496419122692
1010,2.745038750139744e-05,0.9910770922997706
1011,2.734904494603553e-05,0.9911044413447166
1012,2.7159805279117005e-05,0.9911316011499958
1013,2.7044231374984155e-05,0.9911586453813708
1014,2.7015796183603846e-05,0.9911856611775544
1015,2.685312917687331e-05,0.9912125143067312
1016,2.6712904021785573e-05,0.991239227210753
1017,2.6629194177515872e-05,0.9912658564049305
1018,2.660563784943933e-05,0.9912924620427799
1019,2.645952203362421e-05,0.9913189215648135
1020,2.6403203558840415e-05,0.9913453247683723
1021,2.635295117288192e-05,0.9913716777195453
1022,2.62758472694082e-05,0.9913979535668147
1023,2.6155809219157804e-05,0.9914241093760339
1024,2.59969168105894e-05,0.9914501062928445
1025,2.5905840789814108e-05,0.9914760121336342
1026,2.5853667330655844e-05,0.9915018658009649
1027,2.5700441021192576e-05,0.9915275662419861
1028,2.5661893907563243e-05,0.9915532281358936
1029,2.555364597986009e-05,0.9915787817818735
1030,2.549047418416749e-05,0.9916042722560577
1031,2.5409171346545785e-05,0.9916296814274043
1032,2.5291997571669878e-05,0.9916549734249759
1033,2.52492711408239e-05,0.9916802226961167
1034,2.5175500976444128e-05,0.9917053981970931
1035,2.5086318458259458e-05,0.9917304845155513
1036,2.4994520011055532e-05,0.9917554790355624
1037,2.4891791585565006e-05,0.991780370827148
1038,2.484509913430004e-05,0.9918052159262822
1039,2.4782248598732312e-05,0.9918299981748809
1040,2.4751289420713446e-05,0.9918547494643016
1041,2.4620236902828512e-05,0.9918793697012045
1042,2.4564069269657522e-05,0.9919039337704741
1043,2.442392539186434e-05,0.991928357695866
1044,2.43535430916119e-05,0.9919527112389576
1045,2.4234083286610094e-05,0.9919769453222441
1046,2.414827518027124e-05,0.9920010935974244
1047,2.4118522849125684e-05,0.9920252121202735
1048,2.4071004528069773e-05,0.9920492831248016
1049,2.394217792112826e-05,0.9920732253027227
1050,2.3905377277365696e-05,0.99209713068
1051,2.377603435991131e-05,0.9921209067143599
1052,2.3690611783751475e-05,0.9921445973261437
1053,2.3654855382921813e-05,0.9921682521815266
1054,2.3545574569212567e-05,0.9921917977560958
1055,2.3469934634536094e-05,0.9922152676907303
1056,2.3394568379746955e-05,0.9922386622591101
1057,2.335193395866553e-05,0.9922620141930687
1058,2.3317363633138805e-05,0.9922853315567018
1059,2.3254148797106873e-05,0.992308585705499
1060,2.3169384161255705e-05,0.9923317550896602
1061,2.3116198857444444e-05,0.9923548712885176
1062,2.303079219403295e-05,0.9923779020807116
1063,2.2941619785947048e-05,0.9924008437004976
1064,2.2805574941150908e-05,0.9924236492754388
1065,2.2755841470996616e-05,0.9924464051169098
1066,2.269649061123379e-05,0.9924691016075211
1067,2.2607547873146036e-05,0.9924917091553943
1068,2.2560242492110075e-05,0.9925142693978865
1069,2.2512166520731266e-05,0.9925367815644072
1070,2.2451487477428665e-05,0.9925592330518846
1071,2.2370782244779444e-05,0.9925816038341294
1072,2.2335393834149675e-05,0.9926039392279635
1073,2.2202375848810965e-05,0.9926261416038124
1074,2.2130441937181684e-05,0.9926482720457496
1075,2.2022841809308604e-05,0.9926702948875589
1076,2.1938209736363936e-05,0.9926922330972953
1077,2.1860315872161175e-05,0.9927140934131674
1078,2.1778752842179517e-05,0.9927358721660096
1079,2.172217890598888e-05,0.9927575943449155
1080,2.170703623091534e-05,0.9927793013811465
1081,2.1675922155528067e-05,0.992800977303302
1082,2.1596854465698258e-05,0.9928225741577676
1083,2.1480173975829576e-05,0.9928440543317435
1084,2.1420458089398515e-05,0.9928654747898329
1085,2.137221995544324e-05,0.9928868470097884
1086,2.1265929405889113e-05,0.9929081129391942
1087,2.1201275342896604e-05,0.9929293142145371
1088,2.1170757629618224e-05,0.9929504849721668
1089,2.1087480911544995e-05,0.9929715724530783
1090,2.1019285730664664e-05,0.9929925917388089
1091,2.1010518952762663e-05,0.9930136022577617
1092,2.092613371252687e-05,0.9930345283914742
1093,2.081430351641372e-05,0.9930553426949906
1094,2.075471835293458e-05,0.9930760974133436
1095,2.0729095764875367e-05,0.9930968265091085
1096,2.0664872523455376e-05,0.993117491381632
1097,2.057211425080033e-05,0.9931380634958827
1098,2.0533015298783082e-05,0.9931585965111815
1099,2.0492334605877294e-05,0.9931790888457874
1100,2.0417622065721896e-05,0.9931995064678532
1101,2.039085762189721e-05,0.993219897325475
1102,2.0246083692939815e-05,0.9932401434091679
1103,2.0174019169767157e-05,0.9932603174283376
1104,2.0167144283341742e-05,0.993280484572621
1105,2.013270788543412e-05,0.9933006172805064
1106,2.0066569868484728e-05,0.993320683850375
1107,2.005126961547777e-05,0.9933407351199904
1108,1.9917798445587393e-05,0.993360652918436
1109,1.9881389315025284e-05,0.9933805343077511
1110,1.9874622221772133e-05,0.9934004089299728
1111,1.9745521696144843e-05,0.993420154451669
1112,1.9654339232911254e-05,0.9934398087909019
1113,1.9616873772706583e-05,0.9934594256646746
1114,1.9567882302914313e-05,0.9934789935469776
1115,1.9522384236906507e-05,0.9934985159312144
1116,1.9426660842537224e-05,0.993517942592057
1117,1.934930364028656e-05,0.9935372918956973
1118,1.9302840636151336e-05,0.9935565947363334
1119,1.924396603282291e-05,0.9935758387023662
1120,1.9170395459563507e-05,0.9935950090978257
1121,1.9157997624653802e-05,0.9936141670954504
1122,1.910795841802114e-05,0.9936332750538683
1123,1.908218806855867e-05,0.9936523572419369
1124,1.9039926892921182e-05,0.9936713971688298
1125,1.896659658062508e-05,0.9936903637654104
1126,1.8895990151011713e-05,0.9937092597555615
1127,1.8857179340854266e-05,0.9937281169349023
1128,1.8821035638753387e-05,0.993746937970541
1129,1.878978880901696e-05,0.99376572775935
1130,1.87158171967956e-05,0.9937844435765468
1131,1.8628137650299133e-05,0.9938030717141971
1132,1.8590006302308952e-05,0.9938216617204995
1133,1.8565206519133587e-05,0.9938402269270186
1134,1.8515416638866533e-05,0.9938587423436575
1135,1.8470583718979363e-05,0.9938772129273764
1136,1.838852352438714e-05,0.9938956014509008
1137,1.8369141848953746e-05,0.9939139705927498
1138,1.8309247612002093e-05,0.9939322798403618
1139,1.8251133705518095e-05,0.9939505309740674
1140,1.8216903313882685e-05,0.9939687478773812
1141,1.8131000155806052e-05,0.993986878877537
1142,1.806586064162509e-05,0.9940049447381787
1143,1.798505754243892e-05,0.9940229297957212
1144,1.7924542862979927e-05,0.9940408543385841
1145,1.7876797066808724e-05,0.9940587311356509
1146,1.7853502500266444e-05,0.9940765846381512
1147,1.7833346444557497e-05,0.9940944179845957
1148,1.778408255274479e-05,0.9941122020671485
1149,1.7752363803947778e-05,0.9941299544309524
1150,1.7691502858287085e-05,0.9941476459338107
1151,1.7645441361817246e-05,0.9941652913751725
1152,1.761837495743884e-05,0.9941829097501299
1153,1.7532622140375564e-05,0.9942004423722702
1154,1.7462478826634118e-05,0.9942179048510968
1155,1.7412708763545726e-05,0.9942353175598604
1156,1.7376111846137892e-05,0.9942526936717065
1157,1.7295354961051678e-05,0.9942699890266676
1158,1.7270568641338012e-05,0.994287259595309
1159,1.718516096681158e-05,0.9943044447562758
1160,1.7138103739100166e-05,0.9943215828600148
1161,1.7105729790935985e-05,0.9943386885898058
1162,1.7066552563261998e-05,0.9943557551423691
1163,1.7013529025646848e-05,0.9943727686713947
1164,1.6966275089869456e-05,0.9943897349464845
1165,1.6884812814636052e-05,0.9944066197592991
1166,1.683787936843164e-05,0.9944234576386676
1167,1.6821951435580278e-05,0.9944402795901032
1168,1.6771513860577274e-05,0.9944570511039638
1169,1.6734664585094296e-05,0.9944737857685488
1170,1.6688776626642607e-05,0.9944904745451755
1171,1.6617575354567565e-05,0.99450709212053
1172,1.657900308280233e-05,0.9945236711236128
1173,1.6544784486393895e-05,0.9945402159080993
1174,1.6518375472100463e-05,0.9945567342835714
1175,1.6499562371229255e-05,0.9945732338459427
1176,1.6428141428117087e-05,0.9945896619873708
1177,1.638110728675225e-05,0.9946060430946575
1178,1.634586231628277e-05,0.9946223889569737
1179,1.624345270531901e-05,0.9946386324096791
1180,1.6221296678123724e-05,0.9946548537063572
1181,1.6180260341890242e-05,0.9946710339666991
1182,1.6141298848067864e-05,0.9946871752655472
1183,1.6089995148760842e-05,0.994703265260696
1184,1.6064364134637794e-05,0.9947193296248306
1185,1.6029425738394048e-05,0.994735359050569
1186,1.5988800623162846e-05,0.9947513478511921
1187,1.59392259913474e-05,0.9947672870771834
1188,1.5922450953463778e-05,0.9947832095281369
1189,1.58881274926039e-05,0.9947990976556296
1190,1.585987034670951e-05,0.9948149575259763
1191,1.5802411728124056e-05,0.9948307599377044
1192,1.5772699816062163e-05,0.9948465326375204
1193,1.5735374328981946e-05,0.9948622680118494
1194,1.5685354895831852e-05,0.9948779533667452
1195,1.563735103305866e-05,0.9948935907177783
1196,1.5592359560762318e-05,0.994909183077339
1197,1.5523608472045773e-05,0.994924706685811
1198,1.5511210108986407e-05,0.99494021789592
1199,1.5428392602921373e-05,0.994955646288523
1200,1.537461958266772e-05,0.9949710209081056
1201,1.5367538299193547e-05,0.9949863884464049
1202,1.5325670497610006e-05,0.9950017141169024
1203,1.5258671176639643e-05,0.9950169727880791
1204,1.5198581873225419e-05,0.9950321713699524
1205,1.5183018557345019e-05,0.9950473543885097
1206,1.5166833944494935e-05,0.9950625212224542
1207,1.5132897348666294e-05,0.9950776541198029
1208,1.5086690997345486e-05,0.9950927408108002
1209,1.5060467676721534e-05,0.995107801278477
1210,1.498211545523518e-05,0.9951227833939322
1211,1.4939994109954417e-05,0.9951377233880422
1212,1.4882974322207652e-05,0.9951526063623644
1213,1.4869003263558063e-05,0.9951674753656279
1214,1.4859538619076233e-05,0.995182334904247
1215,1.4816103472790112e-05,0.9951971510077198
1216,1.4769801953853903e-05,0.9952119208096736
1217,1.47509350049562e-05,0.9952266717446785
1218,1.4696645933235962e-05,0.9952413683906117
1219,1.4674450216354864e-05,0.995256042840828
1220,1.4614569408435803e-05,0.9952706574102365
1221,1.4586086543262606e-05,0.9952852434967797
1222,1.4544328990501174e-05,0.9952997878257702
1223,1.4538457059675845e-05,0.9953143262828299
1224,1.4504390979227357e-05,0.9953288306738092
1225,1.4453920582819063e-05,0.995343284594392
1226,1.4398273059805337e-05,0.9953576828674519
1227,1.4367347946670008e-05,0.9953720502153985
1228,1.4322117541890429e-05,0.9953863723329405
1229,1.4267911359471558e-05,0.9954006402443
1230,1.4251957485851777e-05,0.9954148922017858
1231,1.418729776523862e-05,0.9954290794995511
1232,1.4161994820996369e-05,0.995443241494372
1233,1.4076808957427706e-05,0.9954573183033294
1234,1.4030592079602151e-05,0.995471348895409
1235,1.4028633269513766e-05,0.9954853775286785
1236,1.3990888033715117e-05,0.9954993684167122
1237,1.3966829376312902e-05,0.9955133352460884
1238,1.3938967011623143e-05,0.9955272742131
1239,1.3898755740935543e-05,0.995541172968841
1240,1.3859516442825236e-05,0.9955550324852839
1241,1.3833528286390785e-05,0.9955688660135703
1242,1.3806279413033261e-05,0.9955826722929834
1243,1.3754625886966875e-05,0.9955964269188703
1244,1.371274224296534e-05,0.9956101396611132
1245,1.3699801683400397e-05,0.9956238394627966
1246,1.3664970092688888e-05,0.9956375044328893
1247,1.3599139057506175e-05,0.9956511035719469
1248,1.3561155860514898e-05,0.9956646647278073
1249,1.3552223911038673e-05,0.9956782169517184
1250,1.3537969616101877e-05,0.9956917549213345
1251,1.3508298539964195e-05,0.9957052632198745
1252,1.3468008751874544e-05,0.9957187312286264
1253,1.3433518568693186e-05,0.9957321647471951
1254,1.341835759707173e-05,0.9957455831047921
1255,1.3386327214948366e-05,0.995758969432007
1256,1.336141637500339e-05,0.995772330848382
1257,1.330739107821811e-05,0.9957856382394602
1258,1.327408499459537e-05,0.9957989123244548
1259,1.3220324982579319e-05,0.9958121326494375
1260,1.3201662776472886e-05,0.995825334312214
1261,1.317891974252237e-05,0.9958385132319565
1262,1.3149419383052123e-05,0.9958516626513395
1263,1.3112528114337044e-05,0.9958647751794538
1264,1.308925868615848e-05,0.99587786443814
1265,1.3036140626967692e-05,0.995890900578767
1266,1.3012815477996567e-05,0.9959039133942449
1267,1.298489151526836e-05,0.9959168982857601
1268,1.2931193137229795e-05,0.9959298294788974
1269,1.2900799137336285e-05,0.9959427302780347
1270,1.2838956720977792e-05,0.9959555692347557
1271,1.2834169491316584e-05,0.995968403404247
1272,1.2799945303790654e-05,0.9959812033495508
1273,1.2757842015845518e-05,0.9959939611915666
1274,1.2717769708552765e-05,0.9960066789612751
1275,1.2659579469123107e-05,0.9960193385407443
1276,1.262873636522701e-05,0.9960319672771095
1277,1.2596274296578485e-05,0.9960445635514061
1278,1.2581551055351412e-05,0.9960571451024615
1279,1.256614190879974e-05,0.9960697112443703
1280,1.2524326187919468e-05,0.9960822355705582
1281,1.250809996875711e-05,0.996094743670527
1282,1.2464102923583067e-05,0.9961072077734505
1283,1.24450956300981e-05,0.9961196528690807
1284,1.238741900741707e-05,0.9961320402880881
1285,1.2373072069207117e-05,0.9961444133601574
1286,1.2323932349251615e-05,0.9961567372925066
1287,1.2309742773387742e-05,0.9961690470352801
1288,1.2254952901146859e-05,0.9961813019881812
1289,1.222394365880593e-05,0.9961935259318401
1290,1.221289320173999e-05,0.9962057388250418
1291,1.220476111485676e-05,0.9962179435861567
1292,1.2155592449659455e-05,0.9962300991786064
1293,1.2125055833689677e-05,0.9962422242344401
1294,1.2101852423090845e-05,0.9962543260868632
1295,1.2051567255468564e-05,0.9962663776541186
1296,1.2038045333722567e-05,0.9962784156994523
1297,1.1988298107390467e-05,0.9962904039975597
1298,1.1946593225538663e-05,0.9963023505907853
1299,1.1909387667883008e-05,0.9963142599784532
1300,1.190496378892201e-05,0.9963261649422421
1301,1.1842276178563811e-05,0.9963380072184207
1302,1.1829146816652014e-05,0.9963498363652373
1303,1.1786015293596656e-05,0.9963616223805309
1304,1.1767227054840166e-05,0.9963733896075858
1305,1.173844072779736e-05,0.9963851280483136
1306,1.171276127370758e-05,0.9963968408095872
1307,1.1674540118653902e-05,0.9964085153497059
1308,1.1644732462423355e-05,0.9964201600821683
1309,1.1632491692801859e-05,0.996431792573861
1310,1.1560609001453431e-05,0.9964433531828625
1311,1.1555748331109878e-05,0.9964549089311936
1312,1.1546311787032842e-05,0.9964664552429806
1313,1.1522239554450127e-05,0.9964779774825351
1314,1.1504779017345505e-05,0.9964894822615524
1315,1.1465902235599704e-05,0.996500948163788
1316,1.1429846527927707e-05,0.9965123780103159
1317,1.1408338511730865e-05,0.9965237863488277
1318,1.1387054483875178e-05,0.9965351734033115
1319,1.1334526371335943e-05,0.9965465079296829
1320,1.1295960457013717e-05,0.9965578038901399
1321,1.1254673043272139e-05,0.9965690585631832
1322,1.1239873878384613e-05,0.9965802984370616
1323,1.1204779297441663e-05,0.996591503216359
1324,1.1189995363441259e-05,0.9966026932117225
1325,1.1180584389916774e-05,0.9966138737961123
1326,1.1155017985012663e-05,0.9966250288140973
1327,1.112967334897066e-05,0.9966361584874462
1328,1.1090861718733266e-05,0.9966472493491649
1329,1.107216838764283e-05,0.9966583215175526
1330,1.1032362878215815e-05,0.9966693538804309
1331,1.1001603975784135e-05,0.9966803554844067
1332,1.0978648616692117e-05,0.9966913341330234
1333,1.0943336179132468e-05,0.9967022774692025
1334,1.0932812946842322e-05,0.9967132102821493
1335,1.0879273409848413e-05,0.9967240895555591
1336,1.0845661670873322e-05,0.99673493521723
1337,1.0816695646632473e-05,0.9967457519128766
1338,1.079249042586392e-05,0.9967565444033025
1339,1.0767985485416044e-05,0.9967673123887879
1340,1.076059617305451e-05,0.996778072984961
1341,1.0726059445372809e-05,0.9967887990444064
1342,1.0713812528390347e-05,0.9967995128569348
1343,1.0675823721289138e-05,0.9968101886806561
1344,1.0653614219335267e-05,0.9968208422948754
1345,1.0642363897276953e-05,0.9968314846587727
1346,1.0611047397659383e-05,0.9968420957061703
1347,1.0560776706934469e-05,0.9968526564828772
1348,1.0548350678723462e-05,0.996863204833556
1349,1.0473827042432913e-05,0.9968736786605984
1350,1.0455237995634562e-05,0.996884133898594
1351,1.0420914726772418e-05,0.9968945548133208
1352,1.0410452885765641e-05,0.9969049652662065
1353,1.0387130211780801e-05,0.9969153523964183
1354,1.0361826575162775e-05,0.9969257142229935
1355,1.033908145020705e-05,0.9969360533044437
1356,1.0314693432672956e-05,0.9969463679978764
1357,1.0285165703331653e-05,0.9969566531635797
1358,1.026805790743925e-05,0.9969669212214872
1359,1.0229468084456163e-05,0.9969771506895717
1360,1.0222021737157087e-05,0.9969873727113089
1361,1.0190297760629893e-05,0.9969975630090695
1362,1.0183706058459768e-05,0.9970077467151279
1363,1.0156352837299882e-05,0.9970179030679652
1364,1.0101365656436689e-05,0.9970280044336217
1365,1.0097725325891512e-05,0.9970381021589476
1366,1.0082610720657796e-05,0.9970481847696683
1367,1.0033532984142537e-05,0.9970582183026524
1368,1.002791990933851e-05,0.9970682462225617
1369,1.002746079316621e-05,0.9970782736833549
1370,9.985444387317267e-06,0.9970882591277422
1371,9.941773603822286e-06,0.997098200901346
1372,9.90998386752267e-06,0.9971081108852136
1373,9.859417470587467e-06,0.9971179703026841
1374,9.854087938438962e-06,0.9971278243906225
1375,9.846109185597165e-06,0.9971376704998082
1376,9.813869551735084e-06,0.99714748436936
1377,9.804776164799627e-06,0.9971572891455247
1378,9.76491723814545e-06,0.9971670540627628
1379,9.749611736368888e-06,0.9971768036744992
1380,9.709971753882683e-06,0.9971865136462531
1381,9.693345831136286e-06,0.9971962069920842
1382,9.684110409827122e-06,0.997205891102494
1383,9.657985617844384e-06,0.9972155490881118
1384,9.631447777140143e-06,0.9972251805358889
1385,9.617717264595096e-06,0.9972347982531535
1386,9.589678546526566e-06,0.9972443879317
1387,9.55118200425372e-06,0.9972539391137043
1388,9.53160376706973e-06,0.9972634707174713
1389,9.512169328679596e-06,0.9972729828868
1390,9.46984320862417e-06,0.9972824527300086
1391,9.461289896251462e-06,0.9972919140199048
1392,9.44449379041096e-06,0.9973013585136952
1393,9.419032438901777e-06,0.9973107775461341
1394,9.390759245856349e-06,0.99732016830538
1395,9.381075188187955e-06,0.9973295493805682
1396,9.354587144095886e-06,0.9973389039677123
1397,9.312494846520888e-06,0.9973482164625588
1398,9.286763638800359e-06,0.9973575032261975
1399,9.255929880072694e-06,0.9973667591560776
1400,9.233165499328395e-06,0.9973759923215769
1401,9.206496016238606e-06,0.9973851988175931
1402,9.19665282194183e-06,0.9973943954704151
1403,9.190079347795292e-06,0.9974035855497628
1404,9.150764330064586e-06,0.9974127363140929
1405,9.141561279918945e-06,0.9974218778753728
1406,9.112783327633747e-06,0.9974309906587004
1407,9.08897159962325e-06,0.9974400796303
1408,9.052219556102652e-06,0.9974491318498561
1409,9.02669230623714e-06,0.9974581585421624
1410,9.005008785052514e-06,0.9974671635509474
1411,8.971434457655323e-06,0.9974761349854051
1412,8.953451388251747e-06,0.9974850884367934
1413,8.932461387498293e-06,0.9974940208981808
1414,8.911152920205261e-06,0.9975029320511011
1415,8.863636070670228e-06,0.9975117956871717
1416,8.844768201792502e-06,0.9975206404553736
1417,8.833793946057073e-06,0.9975294742493196
1418,8.821613789737056e-06,0.9975382958631094
1419,8.800456197677433e-06,0.997547096319307
1420,8.756289126636907e-06,0.9975558526084337
1421,8.745807278500096e-06,0.9975645984157122
1422,8.71443885902218e-06,0.9975733128545712
1423,8.684113990344663e-06,0.9975819969685615
1424,8.664796922747884e-06,0.9975906617654843
1425,8.650369217503534e-06,0.9975993121347018
1426,8.638084287625068e-06,0.9976079502189894
1427,8.630329986402665e-06,0.9976165805489758
1428,8.581446520743518e-06,0.9976251619954966
1429,8.576102516112853e-06,0.9976337380980127
1430,8.5416304861938e-06,0.997642279728499
1431,8.500377810232542e-06,0.9976507801063091
1432,8.486994646592965e-06,0.9976592671009558
1433,8.47816499348795e-06,0.9976677452659493
1434,8.465358314031079e-06,0.9976762106242633
1435,8.451161683423863e-06,0.9976846617859467
1436,8.418332189958883e-06,0.9976930801181367
1437,8.396788064255546e-06,0.997701476906201
1438,8.374895126882935e-06,0.9977098518013279
1439,8.344504836048895e-06,0.9977181963061639
1440,8.330203966281902e-06,0.9977265265101302
1441,8.308106601502896e-06,0.9977348346167316
1442,8.296987163506795e-06,0.9977431316038952
1443,8.271128833544357e-06,0.9977514027327287
1444,8.241445896724713e-06,0.9977596441786254
1445,8.225826758259015e-06,0.9977678700053837
1446,8.205994401044973e-06,0.9977760759997848
1447,8.190945636099339e-06,0.9977842669454209
1448,8.162726250822065e-06,0.9977924296716717
1449,8.143779135206759e-06,0.9978005734508069
1450,8.138954341305396e-06,0.9978087124051481
1451,8.104046111527539e-06,0.9978168164512596
1452,8.086634195142599e-06,0.9978249030854548
1453,8.064465146342443e-06,0.9978329675506011
1454,8.060883458473118e-06,0.9978410284340596
1455,8.026472035311835e-06,0.997849054906095
1456,8.009278184870854e-06,0.9978570641842799
1457,7.998646420087226e-06,0.9978650628307
1458,7.980513489633665e-06,0.9978730433441896
1459,7.943472284346117e-06,0.997880986816474
1460,7.924361914840689e-06,0.9978889111783888
1461,7.898846812069716e-06,0.9978968100252009
1462,7.886200569294468e-06,0.9979046962257702
1463,7.864217237197936e-06,0.9979125604430074
1464,7.840710695811879e-06,0.9979204011537032
1465,7.824067512128676e-06,0.9979282252212153
1466,7.806161039837643e-06,0.9979360313822551
1467,7.793047414856704e-06,0.9979438244296699
1468,7.74990288373762e-06,0.9979515743325537
1469,7.715622901934168e-06,0.9979592899554556
1470,7.699622362597954e-06,0.9979669895778182
1471,7.695658256672044e-06,0.9979746852360748
1472,7.673455931211441e-06,0.997982358692006
1473,7.64931634016705e-06,0.9979900080083461
1474,7.637784428090097e-06,0.9979976457927743
1475,7.618191104100543e-06,0.9980052639838783
1476,7.5789635095177085e-06,0.9980128429473879
1477,7.568512236824623e-06,0.9980204114596247
1478,7.550748629433784e-06,0.9980279622082542
1479,7.524535645323407e-06,0.9980354867438995
1480,7.506731161883563e-06,0.9980429934750614
1481,7.479284382439211e-06,0.9980504727594439
1482,7.469935180581889e-06,0.9980579426946246
1483,7.455020366065746e-06,0.9980653977149906
1484,7.420291929269286e-06,0.9980728180069198
1485,7.414345958230924e-06,0.998080232352878
1486,7.3859710125887315e-06,0.9980876183238906
1487,7.369325401954195e-06,0.9980949876492925
1488,7.353717996116914e-06,0.9981023413672886
1489,7.335687369464684e-06,0.998109677054658
1490,7.323446392604079e-06,0.9981170005010507
1491,7.290165283037173e-06,0.9981242906663337
1492,7.281302768552977e-06,0.9981315719691022
1493,7.252154731114892e-06,0.9981388241238333
1494,7.225572122118263e-06,0.9981460496959553
1495,7.222287462966184e-06,0.9981532719834183
1496,7.203575440640043e-06,0.9981604755588589
1497,7.193533716200403e-06,0.9981676690925751
1498,7.163697920916496e-06,0.998174832790496
1499,7.127520535945275e-06,0.998181960311032
1500,7.120719725228027e-06,0.9981890810307572
1501,7.1117889003450704e-06,0.9981961928196575
1502,7.079539609444322e-06,0.998203272359267
1503,7.053076603333615e-06,0.9982103254358703
1504,7.044341991773953e-06,0.998217369777862
1505,7.02381641329697e-06,0.9982243935942753
1506,7.013763966473169e-06,0.9982314073582418
1507,7.00268794588699e-06,0.9982384100461876
1508,6.983547540475278e-06,0.9982453935937281
1509,6.94980297991297e-06,0.998252343396708
1510,6.913145530199854e-06,0.9982592565422382
1511,6.901354950755679e-06,0.998266157897189
1512,6.889804653773264e-06,0.9982730477018428
1513,6.8741848777736344e-06,0.9982799218867205
1514,6.856904898578346e-06,0.9982867787916191
1515,6.833833840613945e-06,0.9982936126254597
1516,6.8176706083934545e-06,0.9983004302960681
1517,6.794296077634495e-06,0.9983072245921457
1518,6.7908861060082e-06,0.9983140154782517
1519,6.768111972919191e-06,0.9983207835902246
1520,6.755186453128348e-06,0.9983275387766777
1521,6.74891880921712e-06,0.9983342876954869
1522,6.731845125447673e-06,0.9983410195406124
1523,6.705662772161325e-06,0.9983477252033846
1524,6.695166492117266e-06,0.9983544203698766
1525,6.652193837002824e-06,0.9983610725637136
1526,6.645824638476063e-06,0.9983677183883521
1527,6.628609157955369e-06,0.9983743469975102
1528,6.616702234364843e-06,0.9983809636997445
1529,6.6092671223714175e-06,0.9983875729668669
1530,6.5616807867439115e-06,0.9983941346476536
1531,6.544467588215673e-06,0.9984006791152418
1532,6.5280891089306166e-06,0.9984072072043507
1533,6.512378088011166e-06,0.9984137195824387
1534,6.506409136840268e-06,0.9984202259915755
1535,6.473050212430921e-06,0.9984266990417879
1536,6.462417114591383e-06,0.9984331614589025
1537,6.447684047330362e-06,0.9984396091429498
1538,6.42480730129604e-06,0.9984460339502511
1539,6.409717162428621e-06,0.9984524436674136
1540,6.401266642255032e-06,0.9984588449340559
1541,6.380325539441253e-06,0.9984652252595954
1542,6.369831018512629e-06,0.9984715950906139
1543,6.352657284958737e-06,0.9984779477478989
1544,6.328077006833126e-06,0.9984842758249057
1545,6.320622887644545e-06,0.9984905964477934
1546,6.307484543065078e-06,0.9984969039323365
1547,6.286437594507756e-06,0.998503190369931
1548,6.274270181062915e-06,0.998509464640112
1549,6.246579822630836e-06,0.9985157112199347
1550,6.22959681182569e-06,0.9985219408167465
1551,6.207997999036117e-06,0.9985281488147455
1552,6.197944875079891e-06,0.9985343467596206
1553,6.184084342580243e-06,0.9985405308439632
1554,6.163112938302745e-06,0.9985466939569015
1555,6.14984399494705e-06,0.9985528438008965
1556,6.115479127378732e-06,0.9985589592800239
1557,6.1067972723878005e-06,0.9985650660772963
1558,6.099847611561718e-06,0.9985711659249079
1559,6.0689990970001595e-06,0.998577234924005
1560,6.046078352446525e-06,0.9985832810023574
1561,6.038744862661952e-06,0.9985893197472201
1562,6.0146432885285616e-06,0.9985953343905086
1563,5.9947393253569556e-06,0.998601329129834
1564,5.985518430733815e-06,0.9986073146482648
1565,5.950081287088858e-06,0.9986132647295519
1566,5.948409363518277e-06,0.9986192131389154
1567,5.932735040063724e-06,0.9986251458739555
1568,5.923866248981623e-06,0.9986310697402044
1569,5.898809404720626e-06,0.9986369685496091
1570,5.885382766914881e-06,0.9986428539323761
1571,5.863746445825673e-06,0.9986487176788219
1572,5.857650064751687e-06,0.9986545753288867
1573,5.846388054677885e-06,0.9986604217169414
1574,5.833487386181298e-06,0.9986662552043275
1575,5.817574272823827e-06,0.9986720727786004
1576,5.8143191769843705e-06,0.9986778870977774
1577,5.798015924015439e-06,0.9986836851137014
1578,5.788092821468329e-06,0.9986894732065229
1579,5.771913410590996e-06,0.9986952451199335
1580,5.75562570820097e-06,0.9987010007456416
1581,5.736289760359299e-06,0.9987067370354019
1582,5.725289481043741e-06,0.998712462324883
1583,5.712638200742785e-06,0.9987181749630837
1584,5.689726430733249e-06,0.9987238646895145
1585,5.669983636434638e-06,0.9987295346731508
1586,5.6583310176766504e-06,0.9987351930041685
1587,5.632577187926441e-06,0.9987408255813564
1588,5.60626532714856e-06,0.9987464318466835
1589,5.588815812735549e-06,0.9987520206624962
1590,5.573806344920535e-06,0.9987575944688412
1591,5.562832450153603e-06,0.9987631573012913
1592,5.547268516315612e-06,0.9987687045698076
1593,5.543911562047471e-06,0.9987742484813696
1594,5.5219655254787956e-06,0.9987797704468951
1595,5.508573928038628e-06,0.9987852790208231
1596,5.4829802070889255e-06,0.9987907620010302
1597,5.478031732197885e-06,0.9987962400327625
1598,5.459855203871057e-06,0.9988016998879663
1599,5.4476150492901494e-06,0.9988071475030156
1600,5.433451782900641e-06,0.9988125809547985
1601,5.420191679404321e-06,0.9988180011464779
1602,5.4102524710153285e-06,0.9988234113989489
1603,5.38156758221322e-06,0.9988287929665312
1604,5.360384694351116e-06,0.9988341533512255
1605,5.351210201172093e-06,0.9988395045614267
1606,5.3419746063238176e-06,0.998844846536033
1607,5.324099662972269e-06,0.9988501706356959
1608,5.307405311309455e-06,0.9988554780410073
1609,5.295215016842028e-06,0.9988607732560241
1610,5.283194220488408e-06,0.9988660564502445
1611,5.263240591396338e-06,0.9988713196908359
1612,5.246562098694928e-06,0.9988765662529345
1613,5.241555213782245e-06,0.9988818078081483
1614,5.206110727442961e-06,0.9988870139188757
1615,5.199610218255762e-06,0.998892213529094
1616,5.180083428130421e-06,0.998897393612522
1617,5.16968633074182e-06,0.9989025632988529
1618,5.160707410657927e-06,0.9989077240062635
1619,5.1552685013965524e-06,0.9989128792747649
1620,5.127216777288258e-06,0.9989180064915422
1621,5.099625077729562e-06,0.9989231061166199
1622,5.096635850309733e-06,0.9989282027524703
1623,5.079445604950708e-06,0.9989332821980752
1624,5.055504106260545e-06,0.9989383377021814
1625,5.048223490915863e-06,0.9989433859256723
1626,5.03250726641832e-06,0.9989484184329388
1627,5.0207647821035004e-06,0.998953439197721
1628,5.018836654297653e-06,0.9989584580343752
1629,4.977347325618427e-06,0.9989634353817008
1630,4.972525682784849e-06,0.9989684079073836
1631,4.961034863439481e-06,0.9989733689422471
1632,4.951372568904788e-06,0.998978320314816
1633,4.919082621632072e-06,0.9989832393974377
1634,4.9147855841918565e-06,0.9989881541830219
1635,4.907120933212052e-06,0.9989930613039552
1636,4.882694612868913e-06,0.998997943998568
1637,4.874816838351705e-06,0.9990028188154063
1638,4.860967857738357e-06,0.9990076797832641
1639,4.853742839474344e-06,0.9990125335261035
1640,4.839296892016637e-06,0.9990173728229955
1641,4.814642868412272e-06,0.9990221874658639
1642,4.8104939315405045e-06,0.9990269979597954
1643,4.796482138386084e-06,0.9990317944419338
1644,4.7902947335511465e-06,0.9990365847366673
1645,4.767883804190092e-06,0.9990413526204716
1646,4.75086815985129e-06,0.9990461034886314
1647,4.738321874727109e-06,0.9990508418105062
1648,4.722462349594728e-06,0.9990555642728558
1649,4.7055782457122176e-06,0.9990602698511015
1650,4.7043333222855005e-06,0.9990649741844239
1651,4.682433386769521e-06,0.9990696566178107
1652,4.667791025793736e-06,0.9990743244088365
1653,4.660819160873889e-06,0.9990789852279973
1654,4.651508088762121e-06,0.9990836367360861
1655,4.626275382673822e-06,0.9990882630114688
1656,4.619093683167822e-06,0.999092882105152
1657,4.5935255346591016e-06,0.9990974756306866
1658,4.58166479307122e-06,0.9991020572954797
1659,4.568691161752416e-06,0.9991066259866415
1660,4.566696659734471e-06,0.9991111926833012
1661,4.54758417950114e-06,0.9991157402674806
1662,4.517305629456304e-06,0.9991202575731101
1663,4.510879979578353e-06,0.9991247684530896
1664,4.501216763604496e-06,0.9991292696698533
1665,4.495285440155468e-06,0.9991337649552934
1666,4.4873624247627494e-06,0.9991382523177181
1667,4.467045189482072e-06,0.9991427193629077
1668,4.459169743693256e-06,0.9991471785326513
1669,4.4446034063429285e-06,0.9991516231360577
1670,4.426925512156683e-06,0.9991560500615698
1671,4.41217061733783e-06,0.9991604622321871
1672,4.390237166717108e-06,0.9991648524693538
1673,4.365808231407658e-06,0.9991692182775852
1674,4.358668538309098e-06,0.9991735769461235
1675,4.347831693888891e-06,0.9991779247778174
1676,4.33414337775417e-06,0.9991822589211952
1677,4.3161330947222794e-06,0.9991865750542899
1678,4.305707274743793e-06,0.9991908807615646
1679,4.278934481010389e-06,0.9991951596960456
1680,4.2760944206211726e-06,0.9991994357904662
1681,4.270099365146225e-06,0.9992037058898313
1682,4.2598725920996265e-06,0.9992079657624234
1683,4.2498411379589235e-06,0.9992122156035614
1684,4.226351575417051e-06,0.9992164419551368
1685,4.208604905138817e-06,0.999220650560042
1686,4.202457411623608e-06,0.9992248530174536
1687,4.189204253536737e-06,0.999229042221707
1688,4.167621763420637e-06,0.9992332098434705
1689,4.160769322121478e-06,0.9992373706127926
1690,4.1474155535576715e-06,0.9992415180283462
1691,4.12219846465558e-06,0.9992456402268108
1692,4.1169634788311185e-06,0.9992497571902896
1693,4.104978628431072e-06,0.9992538621689181
1694,4.102822649000937e-06,0.999257964991567
1695,4.088786664403938e-06,0.9992620537782314
1696,4.0676919878570625e-06,0.9992661214702193
1697,4.0571583386783406e-06,0.999270178628558
1698,4.049774907783431e-06,0.9992742284034658
1699,4.047260310024988e-06,0.9992782756637758
1700,4.0353065353996545e-06,0.9992823109703112
1701,4.012102415236337e-06,0.9992863230727264
1702,4.005367729999197e-06,0.9992903284404564
1703,3.99081273177926e-06,0.9992943192531881
1704,3.97328981686424e-06,0.999298292543005
1705,3.9611526697845325e-06,0.9993022536956747
1706,3.944346689882964e-06,0.9993061980423646
1707,3.932934770564987e-06,0.9993101309771352
1708,3.926112000278146e-06,0.9993140570891355
1709,3.911257611638181e-06,0.9993179683467471
1710,3.896652560163327e-06,0.9993218649993073
1711,3.890933565286403e-06,0.9993257559328725
1712,3.879280674513713e-06,0.999329635213547
1713,3.872870004209232e-06,0.9993335080835513
1714,3.847933915343772e-06,0.9993373560174666
1715,3.8401604212791156e-06,0.999341196177888
1716,3.835022686215559e-06,0.9993450312005742
1717,3.812984602738492e-06,0.9993488441851769
1718,3.7984244065058474e-06,0.9993526426095833
1719,3.7891443163662512e-06,0.9993564317538997
1720,3.781926792422534e-06,0.999360213680692
1721,3.7624362037452534e-06,0.9993639761168958
1722,3.75692446514427e-06,0.999367733041361
1723,3.7445637612946834e-06,0.9993714776051222
1724,3.7250732603722673e-06,0.9993752026783826
1725,3.7151499695412783e-06,0.9993789178283522
1726,3.698514666528326e-06,0.9993826163430187
1727,3.694967610877371e-06,0.9993863113106296
1728,3.6776721001991573e-06,0.9993899889827298
1729,3.6671245243617784e-06,0.9993936561072542
1730,3.66493243583369e-06,0.99939732103969
1731,3.644791911090965e-06,0.9994009658316011
1732,3.633183315030395e-06,0.9994045990149161
1733,3.6100600064856725e-06,0.9994082090749226
1734,3.6014344582229266e-06,0.9994118105093808
1735,3.596166113002047e-06,0.9994154066754938
1736,3.5867495358872197e-06,0.9994189934250297
1737,3.5677679601226006e-06,0.9994225611929899
1738,3.5636010917873128e-06,0.9994261247940817
1739,3.5435193617511995e-06,0.9994296683134434
1740,3.5303448599112894e-06,0.9994331986583033
1741,3.521327145943099e-06,0.9994367199854493
1742,3.5125213479164806e-06,0.9994402325067971
1743,3.4866700253312822e-06,0.9994437191768225
1744,3.476488327867264e-06,0.9994471956651504
1745,3.46465037337653e-06,0.9994506603155238
1746,3.457723428207467e-06,0.999454118038952
1747,3.4476743281842425e-06,0.9994575657132801
1748,3.440879451973994e-06,0.9994610065927321
1749,3.4378407771291123e-06,0.9994644444335092
1750,3.416232617502145e-06,0.9994678606661267
1751,3.4048901898425336e-06,0.9994712655563165
1752,3.3949438998287192e-06,0.9994746605002163
1753,3.3823411846115367e-06,0.9994780428414008
1754,3.3715180687964233e-06,0.9994814143594697
1755,3.3601814766101333e-06,0.9994847745409463
1756,3.348352962691139e-06,0.999488122893909
1757,3.3371492835712415e-06,0.9994914600431926
1758,3.3317650936246863e-06,0.9994947918082862
1759,3.324606345450994e-06,0.9994981164146316
1760,3.3024926951820155e-06,0.9995014189073268
1761,3.2993202295330407e-06,0.9995047182275564
1762,3.2867481799668718e-06,0.9995080049757363
1763,3.2794645292514253e-06,0.9995112844402656
1764,3.2762242542915277e-06,0.9995145606645199
1765,3.2544711252049613e-06,0.9995178151356452
1766,3.24928435083605e-06,0.999521064419996
1767,3.2310168067041023e-06,0.9995242954368027
1768,3.2215469083593117e-06,0.999527516983711
1769,3.209288695600821e-06,0.9995307262724066
1770,3.1933592342205135e-06,0.9995339196316408
1771,3.18065856876479e-06,0.9995371002902096
1772,3.174358198758296e-06,0.9995402746484083
1773,3.168195167154386e-06,0.9995434428435754
1774,3.157293541801449e-06,0.9995466001371173
1775,3.1389153282319484e-06,0.9995497390524455
1776,3.1364470987831613e-06,0.9995528754995443
1777,3.1016119917285746e-06,0.999555977111536
1778,3.0941046652564706e-06,0.9995590712162012
1779,3.0863432649506033e-06,0.9995621575594662
1780,3.0732073564230147e-06,0.9995652307668226
1781,3.057004528701021e-06,0.9995682877713513
1782,3.0527449925387686e-06,0.9995713405163439
1783,3.0496578100674114e-06,0.999574390174154
1784,3.028170327552833e-06,0.9995774183444815
1785,3.022259886000958e-06,0.9995804406043676
1786,3.0100978751851265e-06,0.9995834507022427
1787,3.00051856824271e-06,0.999586451220811
1788,2.9976647839067652e-06,0.999589448885595
1789,2.9890338302225823e-06,0.9995924379194252
1790,2.976646753914509e-06,0.9995954145661791
1791,2.956573143027911e-06,0.999598371139322
1792,2.953067680363171e-06,0.9996013242070024
1793,2.9412744028731273e-06,0.9996042654814054
1794,2.930427476737294e-06,0.9996071959088821
1795,2.9233839084629894e-06,0.9996101192927906
1796,2.9070843492487392e-06,0.9996130263771399
1797,2.901038621085595e-06,0.999615927415761
1798,2.8853711224289006e-06,0.9996188127868835
1799,2.8782558704033845e-06,0.9996216910427539
1800,2.861624692950421e-06,0.9996245526674469
1801,2.8575738379303897e-06,0.9996274102412848
1802,2.8445617034156847e-06,0.9996302548029882
1803,2.834742817807919e-06,0.999633089545806
1804,2.8185805862469542e-06,0.9996359081263922
1805,2.813641711371333e-06,0.9996387217681036
1806,2.7975173465684336e-06,0.9996415192854502
1807,2.791937210324463e-06,0.9996443112226605
1808,2.7817517064756765e-06,0.9996470929743669
1809,2.7717583119013688e-06,0.9996498647326788
1810,2.768377763213799e-06,0.9996526331104421
1811,2.7560777615442634e-06,0.9996553891882036
1812,2.74471245869068e-06,0.9996581339006623
1813,2.7370115788677866e-06,0.9996608709122411
1814,2.7266222206518804e-06,0.9996635975344618
1815,2.7155264728868066e-06,0.9996663130609347
1816,2.710690115198348e-06,0.9996690237510498
1817,2.6972895092519533e-06,0.9996717210405591
1818,2.6861268171195568e-06,0.9996744071673762
1819,2.668900285837542e-06,0.9996770760676621
1820,2.6623756651903485e-06,0.9996797384433272
1821,2.6586010102681854e-06,0.9996823970443375
1822,2.6434020828074233e-06,0.9996850404464203
1823,2.635556935384642e-06,0.9996876760033556
1824,2.623466115137077e-06,0.9996902994694707
1825,2.616461326890367e-06,0.9996929159307977
1826,2.6014777940353316e-06,0.9996955174085917
1827,2.5894633630678682e-06,0.9996981068719548
1828,2.5861544817814813e-06,0.9997006930264366
1829,2.58171746592089e-06,0.9997032747439025
1830,2.5688120051672133e-06,0.9997058435559077
1831,2.552503524478305e-06,0.9997083960594322
1832,2.547888730191251e-06,0.9997109439481624
1833,2.54091820942749e-06,0.9997134848663718
1834,2.5293621610096246e-06,0.9997160142285328
1835,2.5130276939978593e-06,0.9997185272562269
1836,2.5103307250217695e-06,0.999721037586952
1837,2.5024247782342023e-06,0.9997235400117302
1838,2.4946122122081893e-06,0.9997260346239425
1839,2.4780439173805844e-06,0.9997285126678599
1840,2.465712813998122e-06,0.9997309783806739
1841,2.456069593338394e-06,0.9997334344502673
1842,2.4454524451954e-06,0.9997358799027125
1843,2.424622051288988e-06,0.9997383045247638
1844,2.417342044951087e-06,0.9997407218668087
1845,2.412820874810416e-06,0.9997431346876835
1846,2.4070884541916523e-06,0.9997455417761377
1847,2.4009642980899065e-06,0.9997479427404358
1848,2.3867376407634703e-06,0.9997503294780765
1849,2.375426441958774e-06,0.9997527049045185
1850,2.368405715283336e-06,0.9997550733102338
1851,2.35381802144803e-06,0.9997574271282553
1852,2.348107662667543e-06,0.999759775235918
1853,2.3436148929398395e-06,0.9997621188508109
1854,2.333645516122147e-06,0.9997644524963271
1855,2.3209716527661646e-06,0.9997667734679798
1856,2.30572360634533e-06,0.9997690791915862
1857,2.287358019738621e-06,0.999771366549606
1858,2.283661293537166e-06,0.9997736502108995
1859,2.2753703841887994e-06,0.9997759255812837
1860,2.270058121313424e-06,0.9997781956394051
1861,2.254208094696532e-06,0.9997804498474998
1862,2.2402666522021395e-06,0.999782690114152
1863,2.2370470122057098e-06,0.9997849271611642
1864,2.220105686318743e-06,0.9997871472668505
1865,2.2098540668425155e-06,0.9997893571209173
1866,2.2070008669106855e-06,0.9997915641217843
1867,2.196959121523555e-06,0.9997937610809058
1868,2.1913273852014835e-06,0.999795952408291
1869,2.178307942594977e-06,0.9997981307162336
1870,2.175653532467876e-06,0.999800306369766
1871,2.159174620448897e-06,0.9998024655443865
1872,2.1529239948037116e-06,0.9998046184683813
1873,2.1423453032920696e-06,0.9998067608136846
1874,2.131408706714698e-06,0.9998088922223913
1875,2.12443710015602e-06,0.9998110166594915
1876,2.119549163150541e-06,0.9998131362086546
1877,2.1152869785681853e-06,0.9998152514956332
1878,2.1089173303608845e-06,0.9998173604129635
1879,2.097908784377332e-06,0.9998194583217479
1880,2.0925667240300426e-06,0.9998215508884719
1881,2.0823626829619547e-06,0.9998236332511549
1882,2.074375812930829e-06,0.9998257076269678
1883,2.0669332031149812e-06,0.9998277745601709
1884,2.055045136281797e-06,0.9998298296053072
1885,2.042393952130049e-06,0.9998318719992594
1886,2.0400805836200045e-06,0.999833912079843
1887,2.0356313031821995e-06,0.9998359477111461
1888,2.019644945325701e-06,0.9998379673560914
1889,2.01422797069477e-06,0.9998399815840622
1890,1.9992778327141764e-06,0.9998419808618949
1891,1.9873764644266268e-06,0.9998439682383593
1892,1.9770602777025248e-06,0.999845945298637
1893,1.9715120995275622e-06,0.9998479168107366
1894,1.963289080257771e-06,0.9998498800998169
1895,1.9606101420912247e-06,0.999851840709959
1896,1.942964038015408e-06,0.999853783673997
1897,1.936246692152325e-06,0.9998557199206892
1898,1.929257292987539e-06,0.9998576491779823
1899,1.9280454756178863e-06,0.9998595772234579
1900,1.9152571909490242e-06,0.9998614924806488
1901,1.9074091025502643e-06,0.9998633998897514
1902,1.889737037608784e-06,0.999865289626789
1903,1.8804251186019873e-06,0.9998671700519076
1904,1.8707093526217707e-06,0.9998690407612603
1905,1.866842575659183e-06,0.9998709076038359
1906,1.8572358488795971e-06,0.9998727648396848
1907,1.849397449754115e-06,0.9998746142371345
1908,1.8389464076962852e-06,0.9998764531835422
1909,1.8254808881196468e-06,0.9998782786644304
1910,1.8188385844340926e-06,0.9998800975030148
1911,1.8099492773555825e-06,0.9998819074522921
1912,1.8001092021807605e-06,0.9998837075614943
1913,1.791112292041814e-06,0.9998854986737863
1914,1.7843213169978112e-06,0.9998872829951033
1915,1.7765733661291353e-06,0.9998890595684694
1916,1.771902327465935e-06,0.9998908314707968
1917,1.7679401032478092e-06,0.9998925994109
1918,1.7516853032699569e-06,0.9998943510962033
1919,1.7465591400146087e-06,0.9998960976553433
1920,1.732821767861374e-06,0.9998978304771111
1921,1.720313792901789e-06,0.999899550790904
1922,1.7145739021629436e-06,0.9999012653648062
1923,1.7014366722886072e-06,0.9999029668014785
1924,1.6970909307991897e-06,0.9999046638924093
1925,1.6963547270627683e-06,0.9999063602471363
1926,1.674854592515726e-06,0.9999080351017289
1927,1.667877627116885e-06,0.999909702979356
1928,1.6633474935908695e-06,0.9999113663268496
1929,1.6555797522069273e-06,0.9999130219066018
1930,1.6463183954713814e-06,0.9999146682249973
1931,1.6434310515263074e-06,0.9999163116560489
1932,1.6348658840435882e-06,0.9999179465219329
1933,1.6175708243717156e-06,0.9999195640927573
1934,1.6136319690733163e-06,0.9999211777247263
1935,1.60180784478506e-06,0.9999227795325711
1936,1.5870076241184062e-06,0.9999243665401952
1937,1.5750265717639198e-06,0.999925941566767
1938,1.56895533737708e-06,0.9999275105221044
1939,1.563861860902721e-06,0.9999290743839653
1940,1.5478754148903951e-06,0.9999306222593801
1941,1.5388038820408322e-06,0.9999321610632622
1942,1.536969614594167e-06,0.9999336980328768
1943,1.5274041932499207e-06,0.99993522543707
1944,1.5230109412986954e-06,0.9999367484480113
1945,1.5178241453135027e-06,0.9999382662721565
1946,1.511074261829974e-06,0.9999397773464184
1947,1.5059083974810905e-06,0.9999412832548158
1948,1.4948126933173268e-06,0.9999427780675091
1949,1.4771729866795473e-06,0.9999442552404958
1950,1.4656072085526508e-06,0.9999457208477044
1951,1.4523730463677475e-06,0.9999471732207508
1952,1.4433016036899797e-06,0.9999486165223544
1953,1.4325981469793159e-06,0.9999500491205014
1954,1.4284815173276352e-06,0.9999514776020187
1955,1.4164931596619429e-06,0.9999528940951784
1956,1.4058633663654848e-06,0.9999542999585448
1957,1.401423940839648e-06,0.9999557013824857
1958,1.3843489521748093e-06,0.9999570857314378
1959,1.367683131369337e-06,0.9999584534145692
1960,1.366435915526099e-06,0.9999598198504848
1961,1.3516740761315261e-06,0.9999611715245609
1962,1.3455658545377917e-06,0.9999625170904154
1963,1.3421895468842084e-06,0.9999638592799622
1964,1.3360333715231068e-06,0.9999651953133337
1965,1.3262787319992263e-06,0.9999665215920657
1966,1.3205735310410401e-06,0.9999678421655968
1967,1.3102339801927042e-06,0.999969152399577
1968,1.2928812615631975e-06,0.9999704452808386
1969,1.2870817559067845e-06,0.9999717323625945
1970,1.2765469145770167e-06,0.9999730089095091
1971,1.268167424596501e-06,0.9999742770769338
1972,1.2550302115085434e-06,0.9999755321071453
1973,1.2384875719139166e-06,0.9999767705947172
1974,1.228265564983352e-06,0.9999779988602823
1975,1.2212362461310443e-06,0.9999792200965284
1976,1.2031623146451431e-06,0.9999804232588431
1977,1.176120890742232e-06,0.9999815993797339
1978,1.171969531848704e-06,0.9999827713492657
1979,1.1633746982484372e-06,0.999983934723964
1980,1.1416125846311434e-06,0.9999850763365485
1981,1.1374553672772583e-06,0.9999862137919158
1982,1.1318494048234646e-06,0.9999873456413206
1983,1.1235354729208792e-06,0.9999884691767935
1984,1.1149732122840156e-06,0.9999895841500058
1985,1.09627459009111e-06,0.9999906804245959
1986,1.0815418747923546e-06,0.9999917619664708
1987,1.0642316527780321e-06,0.9999928261981236
1988,1.055114350170247e-06,0.9999938813124738
1989,1.037638760006055e-06,0.9999949189512338
1990,1.018287832402549e-06,0.9999959372390662
1991,1.0037946322394245e-06,0.9999969410336984
1992,1.000192371460897e-06,0.9999979412260699
1993,8.653133334973594e-07,0.9999988065394034
1994,8.246891168766833e-07,0.9999996312285203
1995,3.687706101535756e-07,0.9999999999991305
1996,8.701275257871914e-13,1.0000000000000007
1997,2.7362142814018015e-19,1.0000000000000007
1998,2.4815458170433315e-19,1.0000000000000007
1999,2.3554206657582705e-19,1.0000000000000007
2000,2.3452276176995276e-19,1.0000000000000007
2001,2.0972177457793347e-19,1.0000000000000007
2002,6.545585180103906e-20,1.0000000000000007
